txHash,blockNumber,timeStamp,from,to,value,gas,gasPrice,gasUsed,isError,input,contractAddress,methodId,functionName
0xed60240ca94d6f8370967984eb16f4227b96730da674199973fe392e602df480,20520153,1723557527,0x0098e03a0f2a2957171a2ee7d67f7fcf1a373130,,0.0,778497,3150622769,599080,0,0x608060405260405162000e3a38038062000e3a833981016040819052620000269162000424565b828162000036828260006200004d565b50620000449050826200007f565b50505062000557565b6200005883620000f1565b600082511180620000665750805b156200007a5762000078838362000133565b505b505050565b7f7e644d79422f17c01e4894b5f4f588d331ebfa28653d42ae832dc59e38c9798f620000c160008051602062000df3833981519152546001600160a01b031690565b604080516001600160a01b03928316815291841660208301520160405180910390a1620000ee8162000162565b50565b620000fc8162000200565b6040516001600160a01b038216907fbc7cd75a20ee27fd9adebab32041f755214dbc6bffa90cc0225b39da2e5c2d3b90600090a250565b60606200015b838360405180606001604052806027815260200162000e136027913962000297565b9392505050565b6001600160a01b038116620001cd5760405162461bcd60e51b815260206004820152602660248201527f455243313936373a206e65772061646d696e20697320746865207a65726f206160448201526564647265737360d01b60648201526084015b60405180910390fd5b8060008051602062000df38339815191525b80546001600160a01b0319166001600160a01b039290921691909117905550565b6001600160a01b0381163b6200026f5760405162461bcd60e51b815260206004820152602d60248201527f455243313936373a206e657720696d706c656d656e746174696f6e206973206e60448201526c1bdd08184818dbdb9d1c9858dd609a1b6064820152608401620001c4565b807f360894a13ba1a3210667c828492db98dca3e2076cc3735a920a3ca505d382bbc620001df565b6060600080856001600160a01b031685604051620002b6919062000504565b600060405180830381855af49150503d8060008114620002f3576040519150601f19603f3d011682016040523d82523d6000602084013e620002f8565b606091505b5090925090506200030c8683838762000316565b9695505050505050565b606083156200038a57825160000362000382576001600160a01b0385163b620003825760405162461bcd60e51b815260206004820152601d60248201527f416464726573733a2063616c6c20746f206e6f6e2d636f6e74726163740000006044820152606401620001c4565b508162000396565b6200039683836200039e565b949350505050565b815115620003af5781518083602001fd5b8060405162461bcd60e51b8152600401620001c4919062000522565b80516001600160a01b0381168114620003e357600080fd5b919050565b634e487b7160e01b600052604160045260246000fd5b60005b838110156200041b57818101518382015260200162000401565b50506000910152565b6000806000606084860312156200043a57600080fd5b6200044584620003cb565b92506200045560208501620003cb565b60408501519092506001600160401b03808211156200047357600080fd5b818601915086601f8301126200048857600080fd5b8151818111156200049d576200049d620003e8565b604051601f8201601f19908116603f01168101908382118183101715620004c857620004c8620003e8565b81604052828152896020848701011115620004e257600080fd5b620004f5836020830160208801620003fe565b80955050505050509250925092565b6000825162000518818460208701620003fe565b9190910192915050565b602081526000825180602084015262000543816040850160208701620003fe565b601f01601f19169190910160400192915050565b61088c80620005676000396000f3fe60806040523661001357610011610017565b005b6100115b61001f610169565b6001600160a01b0316330361015f5760606001600160e01b0319600035166364d3180d60e11b810161005a5761005361019c565b9150610157565b63587086bd60e11b6001600160e01b031982160161007a576100536101f3565b63070d7c6960e41b6001600160e01b031982160161009a57610053610239565b621eb96f60e61b6001600160e01b03198216016100b95761005361026a565b63a39f25e560e01b6001600160e01b03198216016100d9576100536102aa565b60405162461bcd60e51b815260206004820152604260248201527f5472616e73706172656e745570677261646561626c6550726f78793a2061646d60448201527f696e2063616e6e6f742066616c6c6261636b20746f2070726f78792074617267606482015261195d60f21b608482015260a4015b60405180910390fd5b815160208301f35b6101676102be565b565b60007fb53127684a568b3173ae13b9f8a6016e243e63b6e8ee1178d6a717850b5d61035b546001600160a01b0316919050565b60606101a66102ce565b60006101b53660048184610683565b8101906101c291906106c9565b90506101df816040518060200160405280600081525060006102d9565b505060408051602081019091526000815290565b60606000806102053660048184610683565b81019061021291906106fa565b91509150610222828260016102d9565b604051806020016040528060008152509250505090565b60606102436102ce565b60006102523660048184610683565b81019061025f91906106c9565b90506101df81610305565b60606102746102ce565b600061027e610169565b604080516001600160a01b03831660208201529192500160405160208183030381529060405291505090565b60606102b46102ce565b600061027e61035c565b6101676102c961035c565b61036b565b341561016757600080fd5b6102e28361038f565b6000825111806102ef5750805b15610300576102fe83836103cf565b505b505050565b7f7e644d79422f17c01e4894b5f4f588d331ebfa28653d42ae832dc59e38c9798f61032e610169565b604080516001600160a01b03928316815291841660208301520160405180910390a1610359816103fb565b50565b60006103666104a4565b905090565b3660008037600080366000845af43d6000803e80801561038a573d6000f35b3d6000fd5b610398816104cc565b6040516001600160a01b038216907fbc7cd75a20ee27fd9adebab32041f755214dbc6bffa90cc0225b39da2e5c2d3b90600090a250565b60606103f4838360405180606001604052806027815260200161083060279139610560565b9392505050565b6001600160a01b0381166104605760405162461bcd60e51b815260206004820152602660248201527f455243313936373a206e65772061646d696e20697320746865207a65726f206160448201526564647265737360d01b606482015260840161014e565b807fb53127684a568b3173ae13b9f8a6016e243e63b6e8ee1178d6a717850b5d61035b80546001600160a01b0319166001600160a01b039290921691909117905550565b60007f360894a13ba1a3210667c828492db98dca3e2076cc3735a920a3ca505d382bbc61018d565b6001600160a01b0381163b6105395760405162461bcd60e51b815260206004820152602d60248201527f455243313936373a206e657720696d706c656d656e746174696f6e206973206e60448201526c1bdd08184818dbdb9d1c9858dd609a1b606482015260840161014e565b807f360894a13ba1a3210667c828492db98dca3e2076cc3735a920a3ca505d382bbc610483565b6060600080856001600160a01b03168560405161057d91906107e0565b600060405180830381855af49150503d80600081146105b8576040519150601f19603f3d011682016040523d82523d6000602084013e6105bd565b606091505b50915091506105ce868383876105d8565b9695505050505050565b60608315610647578251600003610640576001600160a01b0385163b6106405760405162461bcd60e51b815260206004820152601d60248201527f416464726573733a2063616c6c20746f206e6f6e2d636f6e7472616374000000604482015260640161014e565b5081610651565b6106518383610659565b949350505050565b8151156106695781518083602001fd5b8060405162461bcd60e51b815260040161014e91906107fc565b6000808585111561069357600080fd5b838611156106a057600080fd5b5050820193919092039150565b80356001600160a01b03811681146106c457600080fd5b919050565b6000602082840312156106db57600080fd5b6103f4826106ad565b634e487b7160e01b600052604160045260246000fd5b6000806040838503121561070d57600080fd5b610716836106ad565b9150602083013567ffffffffffffffff8082111561073357600080fd5b818501915085601f83011261074757600080fd5b813581811115610759576107596106e4565b604051601f8201601f19908116603f01168101908382118183101715610781576107816106e4565b8160405282815288602084870101111561079a57600080fd5b8260208601602083013760006020848301015280955050505050509250929050565b60005b838110156107d75781810151838201526020016107bf565b50506000910152565b600082516107f28184602087016107bc565b9190910192915050565b602081526000825180602084015261081b8160408501602087016107bc565b601f01601f1916919091016040019291505056fe416464726573733a206c6f772d6c6576656c2064656c65676174652063616c6c206661696c6564a264697066735822122000931dbfb43c1270356a960597d6a048146a8fb9ff3d8d5ad7bf1c1b9adc00dd64736f6c63430008180033b53127684a568b3173ae13b9f8a6016e243e63b6e8ee1178d6a717850b5d6103416464726573733a206c6f772d6c6576656c2064656c65676174652063616c6c206661696c65640000000000000000000000003fb1777ba99e30f98e7b48a63bc080e8731eceda0000000000000000000000002d1b035ca47e04a119dff0fac828f4a57a67e4de00000000000000000000000000000000000000000000000000000000000000600000000000000000000000000000000000000000000000000000000000000000,0x07b022bd57e22c8c5abc577535cf25e483dae3df,0x60806040,"atInversebrah(int248 a, uint48[] b, uint32 c, bytes20[] d, bytes30[] e)"
0x668f6267455d2c941601ff543a1ddd79f3cfcd6bebc41a4252c3d8fd101c2a99,20520153,1723557527,0x0098e03a0f2a2957171a2ee7d67f7fcf1a373130,0x07b022bd57e22c8c5abc577535cf25e483dae3df,0.0,282980,3150622769,193491,0,0x2016a0d2000000000000000000000000784fdebfd4779579b4cc2bac484129d29200412a0000000000000000000000000098e03a0f2a2957171a2ee7d67f7fcf1a373130000000000000000000000000000000000000000000000000000000000000008000000000000000000000000000000000000000000000000000000000000000c0000000000000000000000000000000000000000000000000000000000000001d4c6971756964697479204f524120546f6b656e202d204f4c4d20322e3000000000000000000000000000000000000000000000000000000000000000000000084c4f542d4f4c4d32000000000000000000000000000000000000000000000000,,0x2016a0d2,"initialize(address _manager, address _migrator, string _name, string _symbol)"
0x1b3c91464fd5373e7237ce2bf86fa9ab16b393eb21b4b6fc30d9f6c8c516baf5,20520153,1723557527,0x0098e03a0f2a2957171a2ee7d67f7fcf1a373130,0x07b022bd57e22c8c5abc577535cf25e483dae3df,0.0,50065,3150622769,36247,0,0x98378485000000000000000000000000e5018913f2fdf33971864804ddb5fca25c539032,,0x98378485,setStakingTokenAddress(address _stakingToken)
0x0aec7fcacefc4673dfbeef1512c24ad87a89642290e544a7a013263060c177c7,20520153,1723557527,0x0098e03a0f2a2957171a2ee7d67f7fcf1a373130,0x07b022bd57e22c8c5abc577535cf25e483dae3df,0.0,77924,3150622769,53282,0,0x6a4234eb000000000000000000000000c02aaa39b223fe8d0a0e5c4f27ead9083c756cc2,,0x6a4234eb,setWETHAddress(address _WETH)
0x279255bafdf1c65ceb45747fe7249087a16ab6194143fb00e615e03d2d54e422,20520153,1723557527,0x0098e03a0f2a2957171a2ee7d67f7fcf1a373130,0x07b022bd57e22c8c5abc577535cf25e483dae3df,0.0,73624,3150622769,53303,0,0x5249961b00000000000000000000000068b3465833fb72a70ecdf485e0e4c7bd8665fc45,,0x5249961b,setSwapRouterAddress(address swapRouterAddress)
0xc9927a6618c68720480ee81834f5c5d4b5aa416994a031d9fa6ab510b2ba3f97,20531194,1723690679,0x0098e03a0f2a2957171a2ee7d67f7fcf1a373130,0x07b022bd57e22c8c5abc577535cf25e483dae3df,0.0,47118,1607100192,32218,0,0x3f4ba83a,,0x3f4ba83a,unpause()
0x901754537affd5cb95e2cae4f23b855aa1668438f3e1673c2c37f07fb0dc89a7,20553857,1723964171,0x0f1a04053ee7b6b5e73220d6728878afb552b32c,0x07b022bd57e22c8c5abc577535cf25e483dae3df,0.0,82134,958495979,53959,0,0x095ea7b3000000000000000000000000d152f549545093347a162dce210e7293f1452150ffffffffffffffffffffffffffffffffffffffffffffffffffffffffffffffff,,0x095ea7b3,"approve(address _spender, uint256 _value)"
0xee530bb0c6a096c2025275064aa91202d869eb7a38cd2c34371452444223394f,20606965,1724605355,0xa34795721baf74a43fa5964c46d27f27db7fcd0e,0x07b022bd57e22c8c5abc577535cf25e483dae3df,0.0,82134,1164586044,53959,0,0x095ea7b3000000000000000000000000d152f549545093347a162dce210e7293f1452150ffffffffffffffffffffffffffffffffffffffffffffffffffffffffffffffff,,0x095ea7b3,"approve(address _spender, uint256 _value)"
0xb3c8f402885eb04a52264b32dfa571d42289b5b3934adc018aacbfda10ec904e,20932635,1728532283,0x0098e03a0f2a2957171a2ee7d67f7fcf1a373130,0x07b022bd57e22c8c5abc577535cf25e483dae3df,0.0,54312,9727204901,35846,0,0xf2fde38b000000000000000000000000f8af2bd9b83a4c9d1c79b2b637426e8e29eaeda4,,0xf2fde38b,transferOwnership(address newOwner)
0x7daaee286fabef7d3096744118328ac41e2de32cf19c914ee504f9b458e335c7,20975791,1729053575,0xa2e3a7e9121eb944d42696954326ede72fb50f49,0x07b022bd57e22c8c5abc577535cf25e483dae3df,0.0,89394,12278042497,54049,0,0xa9059cbb0000000000000000000000003fa96b6cdc5ce85ab1cee6d5421eaa6bb2b61d130000000000000000000000000000000000000023a2404e2c0dc6394820000000,,0xa9059cbb,"transfer(address _to, uint256 _value)"
0x35fcb2010da0cd11fc18d4a2de1691712e9c19be7a96019d1aa7fb46cef3a5ac,21105661,1730619407,0x039d3f5c8ac488d82bd9bc22c4d87385dfc6123d,0x07b022bd57e22c8c5abc577535cf25e483dae3df,0.0,81790,2571667129,53731,0,0x095ea7b3000000000000000000000000b23da1f7b51ca4d78e8523b1de2b3c3247f14fca000000000000000000000000000072cb5bd86321e38cb6ce6682e80000000000,,0x095ea7b3,"approve(address _spender, uint256 _value)"
0x0e198bbadc718251f77906a21b4a0f1172e2a688a011639e5f117a803867daad,21214560,1731932375,0x7bb82ed63266de988a45b618e4ace97820e2f137,0x07b022bd57e22c8c5abc577535cf25e483dae3df,0.0,74510,11695620695,54061,0,0xa9059cbb000000000000000000000000c9e1dce626c0c90768c8dc52cd328653069e7f05000000000000000000000000000000000000001885b817b4a345394692880000,,0xa9059cbb,"transfer(address _to, uint256 _value)"
0x56e3ea7597696ca7aeb10ab1fabc7af69195f03d7f1cfb5c865512e52fbb801a,21858804,1739707019,0x4f45ac75a0ef54e9b9a21ab038848c37c61cd66c,0x07b022bd57e22c8c5abc577535cf25e483dae3df,0.0,89394,800000000,54049,0,0xa9059cbb000000000000000000000000f6a59c0dd8e390e8d5f9b923fadaf8e0f74f0b670000000000000000000000000000000000000000ac57e152ab1ecab940340000,,0xa9059cbb,"transfer(address _to, uint256 _value)"
0xb5b2766287c78934655594417953c9a4b3277b6f0e1ca5ed1fd37ead68ead134,22155824,1743290663,0xc9e1dce626c0c90768c8dc52cd328653069e7f05,0x07b022bd57e22c8c5abc577535cf25e483dae3df,0.0,59608,563982409,54061,0,0xa9059cbb000000000000000000000000cc6c929edfe891dcf17ac9e90e5cc2ac1f7428dd000000000000000000000000000000000000001885b817b4a345394692880000,,0xa9059cbb,"transfer(address _to, uint256 _value)"
0xcaa1235b365373b3f2ee6297812a88ed1967901f40fe8fe2758071a6af882f58,22156111,1743294119,0xcc6c929edfe891dcf17ac9e90e5cc2ac1f7428dd,0x07b022bd57e22c8c5abc577535cf25e483dae3df,0.0,89412,855321512,54061,0,0xa9059cbb000000000000000000000000c9e1dce626c0c90768c8dc52cd328653069e7f05000000000000000000000000000000000000001885b817b4a345394692880000,,0xa9059cbb,"transfer(address _to, uint256 _value)"
0x316eacd61e6fa30250b94d004d6e8d8d268106e33c1682df67e88f661b4a46f1,22156336,1743296843,0xc9e1dce626c0c90768c8dc52cd328653069e7f05,0x07b022bd57e22c8c5abc577535cf25e483dae3df,0.0,59608,412014292,54061,0,0xa9059cbb000000000000000000000000cc6c929edfe891dcf17ac9e90e5cc2ac1f7428dd000000000000000000000000000000000000001885b817b4a345394692880000,,0xa9059cbb,"transfer(address _to, uint256 _value)"
0x0ac521104979b3f4f01866994c01076b66a72a0ff70de0d51160c3e1a10d9c38,22156417,1743297815,0xcc6c929edfe891dcf17ac9e90e5cc2ac1f7428dd,0x07b022bd57e22c8c5abc577535cf25e483dae3df,0.0,89412,1020644409,54061,0,0xa9059cbb000000000000000000000000c9e1dce626c0c90768c8dc52cd328653069e7f05000000000000000000000000000000000000001885b817b4a345394692880000,,0xa9059cbb,"transfer(address _to, uint256 _value)"
