txHash,blockNumber,timeStamp,from,to,value,contractAddress,input,type,gas,gasUsed,isError
0xa977bca33dd1cdda0ddfd63c0806892c304dee81d4414e97594ca07eadbd37f8,21244519,1732293563,0x0000403772894446aa9df0823ff4d5272d940000,0x000037bb05b2cef17c6469f4bcdb198826ce0000,0.001617590365130049,,,call,32093,55,0
0x4cc55d7e15b001846b13e9d7e66d88d535266c568a13bff10c995a85e9c02ce3,21244624,1732294847,0x0000403772894446aa9df0823ff4d5272d940000,0x000037bb05b2cef17c6469f4bcdb198826ce0000,0.000762314988901028,,,call,32093,55,0
0x34ad132526010f75a71bab0a09bc815a9a2c244a3a49c21227cffb61c206bd3a,21244842,1732297523,0x0000403772894446aa9df0823ff4d5272d940000,0x000037bb05b2cef17c6469f4bcdb198826ce0000,0.002203143653861369,,,call,32093,55,0
0xde556dfe041a6acbdaf6e2f288c90d28a861b46557c3254244a3738a0e8fb556,21244864,1732297787,0x0000403772894446aa9df0823ff4d5272d940000,0x000037bb05b2cef17c6469f4bcdb198826ce0000,0.028760042890996942,,,call,32093,55,0
0x2a1d5abb54ca94516da55180325c251220aa42cc813d678009f3c8f5225ad5c1,21244874,1732297907,0x0000403772894446aa9df0823ff4d5272d940000,0x000037bb05b2cef17c6469f4bcdb198826ce0000,0.09437837779141482,,,call,32093,55,0
0x3a0fd95b74137e1df0b960428d47427c332a2fb47592513d00879c17919d6f3e,21245058,1732300115,0x0000403772894446aa9df0823ff4d5272d940000,0x000037bb05b2cef17c6469f4bcdb198826ce0000,0.06047716508239288,,,call,32093,55,0
0x3f005d430379defa5bf9d07070808a3db54d01f939037f883fc4caf7a528ebc0,21245147,1732301183,0x0000403772894446aa9df0823ff4d5272d940000,0x000037bb05b2cef17c6469f4bcdb198826ce0000,0.04631008544949032,,,call,32093,55,0
0x2631ac7d51e552cce5ad6fdcdfa4355418f8dbe1a12034d477e80cb2de52a904,21245177,1732301543,0x0000403772894446aa9df0823ff4d5272d940000,0x000037bb05b2cef17c6469f4bcdb198826ce0000,0.04414571747339539,,,call,32093,55,0
0x157df2111b4920ed95075974eb4d1bfd53f55cd9cb7565751fb5d32a9241cd09,21245182,1732301603,0x0000403772894446aa9df0823ff4d5272d940000,0x000037bb05b2cef17c6469f4bcdb198826ce0000,0.003265929678837719,,,call,32093,55,0
0x6e7917e1b2ff342459f5b6a78c9ba5bcc41eb6217e0478692ecd51d76cd9f936,21245279,1732302767,0x0000403772894446aa9df0823ff4d5272d940000,0x000037bb05b2cef17c6469f4bcdb198826ce0000,0.000624223739729912,,,call,32093,55,0
0x8350cecdd27b64401c7d5874f25e373578db2ac31bba1bfe4eeb38759ee3bd3e,21245432,1732304603,0x0000403772894446aa9df0823ff4d5272d940000,0x000037bb05b2cef17c6469f4bcdb198826ce0000,0.001025840243966932,,,call,9527,55,0
0x454910b2e098d32fbe0b3e153c5308321341f99c4150fcb521c43e105d0f1f38,21245475,1732305119,0x0000403772894446aa9df0823ff4d5272d940000,0x000037bb05b2cef17c6469f4bcdb198826ce0000,0.001414741057985626,,,call,32093,55,0
0xe773bf07d8c15d3a131cac3c930d9d1fc9315e375bacee6f26b6d21db1432a49,21245501,1732305431,0x0000403772894446aa9df0823ff4d5272d940000,0x000037bb05b2cef17c6469f4bcdb198826ce0000,0.04945039617500396,,,call,32093,55,0
0xc15a7d582b2170af2a6532084f50f087ac15d5a6211d7e78c48ef09909c41574,21245720,1732308071,0x0000403772894446aa9df0823ff4d5272d940000,0x000037bb05b2cef17c6469f4bcdb198826ce0000,0.004677414229519404,,,call,32093,55,0
0xbad849faf9202aa1d12cf57f9b37e770db3b1707d1b9d266cce29c5771564f58,21245974,1732311119,0x0000403772894446aa9df0823ff4d5272d940000,0x000037bb05b2cef17c6469f4bcdb198826ce0000,0.008438615049776636,,,call,32093,55,0
0xefba65afdc10a521c7d0e1fcafe2176665dc5a6f62e459d6d7598081f9c7cb7d,21246150,1732313243,0x0000403772894446aa9df0823ff4d5272d940000,0x000037bb05b2cef17c6469f4bcdb198826ce0000,0.0842542230147875,,,call,32093,55,0
0xbd8308c51c7eeef011ecc3c1df394b95856f10920ae3156e5a27c7f2c85ffddd,21246155,1732313303,0x0000403772894446aa9df0823ff4d5272d940000,0x000037bb05b2cef17c6469f4bcdb198826ce0000,0.007870049504518715,,,call,32093,55,0
0xc516021d3887bf6f940b6b1a7c4e66a6ea35a43046020ea5488bbac146743326,21246184,1732313651,0x0000403772894446aa9df0823ff4d5272d940000,0x000037bb05b2cef17c6469f4bcdb198826ce0000,0.007601726853655614,,,call,32093,55,0
0xce232516a62a8e51f09e618ef263765c944cc0ca53bd87acfef177ea90aff497,21246211,1732313975,0x0000403772894446aa9df0823ff4d5272d940000,0x000037bb05b2cef17c6469f4bcdb198826ce0000,0.03729815552022371,,,call,11896,55,0
0x94fa9d6cf5bbda303e5519de3fc9c5ac106c5223477beeff2fd3d06e15e65bbd,21246369,1732315883,0x0000403772894446aa9df0823ff4d5272d940000,0x000037bb05b2cef17c6469f4bcdb198826ce0000,0.002096819061316362,,,call,32093,55,0
0x176fc03b327385e1e6ee69f555fe9882072806388fdb5ea5a0637a24169416e7,21246408,1732316351,0x0000403772894446aa9df0823ff4d5272d940000,0x000037bb05b2cef17c6469f4bcdb198826ce0000,0.006807872054077605,,,call,9527,55,0
0xfafcfba948c63ca45b1b944c95cf571d8acf888de89cb02221010a7f8ed232ca,21246537,1732317911,0x0000403772894446aa9df0823ff4d5272d940000,0x000037bb05b2cef17c6469f4bcdb198826ce0000,0.001845884728948177,,,call,26113,55,0
0x85045893baa0989ce32cb3b87e824863058c9925b6e0633b125a0f48fc5db8e6,21246550,1732318067,0x0000403772894446aa9df0823ff4d5272d940000,0x000037bb05b2cef17c6469f4bcdb198826ce0000,4.430092868499e-05,,,call,32093,55,0
0x6b49f6c470bbb4422b5b6f676c75d483808817bdcf9a4f38403d4a9fa91da6f7,21246718,1732320095,0x0000403772894446aa9df0823ff4d5272d940000,0x000037bb05b2cef17c6469f4bcdb198826ce0000,0.03778296740814305,,,call,32093,55,0
0x02e354e3d343fe986edbea339ac27ad47139c10b668a74f32b77a0755b4b619e,21246900,1732322279,0x0000403772894446aa9df0823ff4d5272d940000,0x000037bb05b2cef17c6469f4bcdb198826ce0000,0.013394165093311408,,,call,32093,55,0
0xa8281333cd7ad78fdca459f31508da7faa8ec808e5ffaa038131339ae6495631,21246944,1732322807,0x0000403772894446aa9df0823ff4d5272d940000,0x000037bb05b2cef17c6469f4bcdb198826ce0000,0.000455632918624682,,,call,32093,55,0
0xcf863011b1f810d62cb0aa4d5efb0dd79d10e6d0abf6440c0496272c29b4206d,21246996,1732323431,0x0000403772894446aa9df0823ff4d5272d940000,0x000037bb05b2cef17c6469f4bcdb198826ce0000,0.000348870354586159,,,call,32093,55,0
0xe0ff623c4ca29b40930f082325f8bc16093ff3cfafe50305146254673094b5de,21247260,1732326611,0x0000403772894446aa9df0823ff4d5272d940000,0x000037bb05b2cef17c6469f4bcdb198826ce0000,0.002513347251392646,,,call,32093,55,0
0x22c785416d5b4920541cab5934ec569d634e23a49c63eb21abad60876803b225,21247274,1732326779,0x0000403772894446aa9df0823ff4d5272d940000,0x000037bb05b2cef17c6469f4bcdb198826ce0000,0.002552585323903908,,,call,26113,55,0
0xb626c10945c336f2a135b0d8a35d52a0f4f9a5c309ad74843ee78191a5a8e666,21247394,1732328231,0x0000403772894446aa9df0823ff4d5272d940000,0x000037bb05b2cef17c6469f4bcdb198826ce0000,0.000447915376183277,,,call,9527,55,0
0x0d93564e5688427847eee5efff96bd6243fa785e7cd3dbb38fd00ea0dc6fc222,21247438,1732328759,0x0000403772894446aa9df0823ff4d5272d940000,0x000037bb05b2cef17c6469f4bcdb198826ce0000,0.003428869780969242,,,call,32093,55,0
0xe52a6e99fa7831b49cf593d2bce2c901c149373ad58c09067c21a8ad16559a81,21247563,1732330259,0x0000403772894446aa9df0823ff4d5272d940000,0x000037bb05b2cef17c6469f4bcdb198826ce0000,0.02975565931654527,,,call,32093,55,0
0x14ffce4e8d0faa43b3f9e27ca5a1971ad4c40fe56bcecd3245c2737f9f45fff4,21247706,1732331975,0x0000403772894446aa9df0823ff4d5272d940000,0x000037bb05b2cef17c6469f4bcdb198826ce0000,0.05133085405148466,,,call,32093,55,0
0xd7e9da796e4ff14a4057c4c29790ae6d3e3f699a8028b5386730d7a87dae99f8,21247776,1732332827,0x0000403772894446aa9df0823ff4d5272d940000,0x000037bb05b2cef17c6469f4bcdb198826ce0000,0.001453109172493404,,,call,32093,55,0
0xed7c18481adba9541cd07dd5c8056499ef9d38cf66075f51c5797e91a8b0d48f,21248011,1732335647,0x0000403772894446aa9df0823ff4d5272d940000,0x000037bb05b2cef17c6469f4bcdb198826ce0000,0.011659829497763455,,,call,32093,55,0
0xf90db2acf4b4121558dfbd26f1a3cfdbeed29b3aad6019e7b7d4b8054242e035,21248074,1732336415,0x0000403772894446aa9df0823ff4d5272d940000,0x000037bb05b2cef17c6469f4bcdb198826ce0000,0.002141798718820592,,,call,32093,55,0
0x45bbb9c4b341b66c073c595fa8c746dc7ec1fd9a558881362573f855d5a449ca,21248099,1732336715,0x0000403772894446aa9df0823ff4d5272d940000,0x000037bb05b2cef17c6469f4bcdb198826ce0000,0.013053990706831092,,,call,9527,55,0
0xc7d8e908d230ab0cd0a78e5a64b71d91636c2765b40864701b7d619370456d48,21248135,1732337147,0x0000403772894446aa9df0823ff4d5272d940000,0x000037bb05b2cef17c6469f4bcdb198826ce0000,0.001785594331402674,,,call,32093,55,0
0x62cc9f2cc9093b47a9d4bc4a0fb80807ac3e4b38bdf128919aedd872908b6b5f,21248279,1732338875,0x0000403772894446aa9df0823ff4d5272d940000,0x000037bb05b2cef17c6469f4bcdb198826ce0000,0.000168500050442982,,,call,32093,55,0
0xd98cf49beb84054289e2f5deac9b046ee575296a039df61adaa8bc4c490755ae,21248432,1732340735,0x0000403772894446aa9df0823ff4d5272d940000,0x000037bb05b2cef17c6469f4bcdb198826ce0000,0.0007927642600017,,,call,9527,55,0
0xac3b54cb9968b8e26342d8e7646b9c683e27082076b572782e7ebd388eba397f,21248436,1732340783,0x0000403772894446aa9df0823ff4d5272d940000,0x000037bb05b2cef17c6469f4bcdb198826ce0000,0.000137738040401884,,,call,32093,55,0
0x968ca7cc9c7528b75010b311b7a7b0bab240bd811a88281b43f5c4077b644009,21248478,1732341287,0x0000403772894446aa9df0823ff4d5272d940000,0x000037bb05b2cef17c6469f4bcdb198826ce0000,0.006654991096563989,,,call,32093,55,0
0xc0a4a83e97db7db29711d74187d9309d77c54090430ea1a5b9937ea1b6415b35,21248507,1732341635,0x0000403772894446aa9df0823ff4d5272d940000,0x000037bb05b2cef17c6469f4bcdb198826ce0000,0.007138953050467725,,,call,32093,55,0
0xd069dd35529ed2ea8233c32c3adc81e92548f6cf499b43f4d08c62f22cb47a81,21248559,1732342259,0x0000403772894446aa9df0823ff4d5272d940000,0x000037bb05b2cef17c6469f4bcdb198826ce0000,0.008758169203802664,,,call,32093,55,0
0xe3cddb20a512eff4b35672c79ec9d36d5ea7471c3ac5ffe5696d134ba6a401ae,21248586,1732342583,0x0000403772894446aa9df0823ff4d5272d940000,0x000037bb05b2cef17c6469f4bcdb198826ce0000,0.001155824167445994,,,call,32093,55,0
0x57741562eb4b050b985a9d118065d631bc97736d353f9ceac9245b62a594014d,21248645,1732343291,0x0000403772894446aa9df0823ff4d5272d940000,0x000037bb05b2cef17c6469f4bcdb198826ce0000,0.001454510218396657,,,call,32093,55,0
0x24e88ebceb52133d287e4308f0f150cdaec10707e398f4467c38d6ebd09ac09d,21248663,1732343507,0x0000403772894446aa9df0823ff4d5272d940000,0x000037bb05b2cef17c6469f4bcdb198826ce0000,0.002680851123849016,,,call,32093,55,0
0xe0dc323c445e6ab6d401438a4887f8a83acefb19d1235e67d6af2ebb00430db8,21248682,1732343735,0x0000403772894446aa9df0823ff4d5272d940000,0x000037bb05b2cef17c6469f4bcdb198826ce0000,0.00179634804005197,,,call,32093,55,0
0x3a0e2bb4748c1e56da22b125adf403406ad88d2a75e9edf7deda37f8f91af087,21248806,1732345223,0x0000403772894446aa9df0823ff4d5272d940000,0x000037bb05b2cef17c6469f4bcdb198826ce0000,0.009221204493067302,,,call,32093,55,0
0x65de450f1ba0c534cf94152f0af010dae19ea8b0a544081e4ecf4c13ac255326,21248842,1732345655,0x0000403772894446aa9df0823ff4d5272d940000,0x000037bb05b2cef17c6469f4bcdb198826ce0000,0.004713323100738462,,,call,32093,55,0
0x53b87ae62500565e9788c6fe2dde0dd3693c71203eb0b5ecbbc66a8cae703105,21248852,1732345775,0x0000403772894446aa9df0823ff4d5272d940000,0x000037bb05b2cef17c6469f4bcdb198826ce0000,0.06585208598947906,,,call,32093,55,0
0xa4b3da94f49244bb63134f7ed14c5fa2564e5d7d63cb1eb325fab8ab893ac13b,21248871,1732346003,0x0000403772894446aa9df0823ff4d5272d940000,0x000037bb05b2cef17c6469f4bcdb198826ce0000,0.002426496281082518,,,call,32093,55,0
0x3f2e805c9a3e90dc73f7c2b25d64c3ccc8c208b28ad6fd2f41b593d334f11225,21249211,1732350107,0x0000403772894446aa9df0823ff4d5272d940000,0x000037bb05b2cef17c6469f4bcdb198826ce0000,0.008928316886239199,,,call,9527,55,0
0xc7122ff3f781d55d0e4f39630508af26559b3909cb53aec6033242ca2b133b75,21249213,1732350131,0x0000403772894446aa9df0823ff4d5272d940000,0x000037bb05b2cef17c6469f4bcdb198826ce0000,0.000993165564497236,,,call,32093,55,0
0xf75721934ae5e122a296a7ade72e9b8e4495f57538c229af3a658806517038d8,21249218,1732350191,0x0000403772894446aa9df0823ff4d5272d940000,0x000037bb05b2cef17c6469f4bcdb198826ce0000,0.000339530291415439,,,call,32093,55,0
0xa7efa4dc002fc98a5921c2b79b1dfcbe242366de5b72a2a070699c26749590f3,21249230,1732350335,0x0000403772894446aa9df0823ff4d5272d940000,0x000037bb05b2cef17c6469f4bcdb198826ce0000,0.013329541518509024,,,call,32093,55,0
0xe7bb1f516ba913485ef074c6d7750b13d1767fc57aa5646b63641afbe3b8dfc9,21249234,1732350383,0x0000403772894446aa9df0823ff4d5272d940000,0x000037bb05b2cef17c6469f4bcdb198826ce0000,0.003893929109502658,,,call,9527,55,0
0x579cce3f89ea490c663d2a694959cefd32639a0d8d68737b4d5e106b75dd3013,21249248,1732350551,0x0000403772894446aa9df0823ff4d5272d940000,0x000037bb05b2cef17c6469f4bcdb198826ce0000,0.00063351848425599,,,call,26113,55,0
0x4a178ade46df9d50a9c735f89f5b062c4cceb52e2a2bd413ac4fc3632b25d87b,21249284,1732350983,0x0000403772894446aa9df0823ff4d5272d940000,0x000037bb05b2cef17c6469f4bcdb198826ce0000,0.007257323282343302,,,call,32093,55,0
0x4175983146d2f24e3c551f08801b8b975e19d2bdce741b9b6e71c613eae8db5f,21249383,1732352171,0x0000403772894446aa9df0823ff4d5272d940000,0x000037bb05b2cef17c6469f4bcdb198826ce0000,0.011707571735317095,,,call,32093,55,0
0x1c3cc14b35e7147d1e145331ab16c984a1f572c2dc0515a555bccc51c2d3ef9a,21249433,1732352771,0x0000403772894446aa9df0823ff4d5272d940000,0x000037bb05b2cef17c6469f4bcdb198826ce0000,0.000528973867416019,,,call,32093,55,0
0x25b36d7734e39161f13cbb7b0f6871c06fb241e0ce74fa7f167147a859285941,21249589,1732354643,0x0000403772894446aa9df0823ff4d5272d940000,0x000037bb05b2cef17c6469f4bcdb198826ce0000,0.02789524223336166,,,call,32093,55,0
0xd967ed4248066c7146081cff910ef84d54a399748849cfe9e05369bc0d4811da,21249595,1732354715,0x0000403772894446aa9df0823ff4d5272d940000,0x000037bb05b2cef17c6469f4bcdb198826ce0000,0.004205933789489932,,,call,32093,55,0
0x51365c5e90158547fbe866e13c3c5cda8bf346c20ae313a78e604139e021726e,21249648,1732355351,0x0000403772894446aa9df0823ff4d5272d940000,0x000037bb05b2cef17c6469f4bcdb198826ce0000,0.001800442477818324,,,call,32093,55,0
0x830e05efe187b9361c0f97d97ffbc1f43c8aef4b82a983dbd153d2beef6f01fe,21249774,1732356863,0x0000403772894446aa9df0823ff4d5272d940000,0x000037bb05b2cef17c6469f4bcdb198826ce0000,0.010501123058068681,,,call,9527,55,0
0x7a70b658d99a68ede1b7a13a2835801d8e7c77c880a60757c4440ef3d6b64e6d,21249826,1732357499,0x0000403772894446aa9df0823ff4d5272d940000,0x000037bb05b2cef17c6469f4bcdb198826ce0000,0.00406702104333782,,,call,32093,55,0
0x76cbc5a25cc550606247c20322e4eb19272c7c4f06aeadbdf0c48581f8f216ef,21249836,1732357619,0x0000403772894446aa9df0823ff4d5272d940000,0x000037bb05b2cef17c6469f4bcdb198826ce0000,0.000962929993584381,,,call,26113,55,0
0xc664ffb6e8e2c90f6b9fac18cc439f7eb25d151bef692fd5e85ea0776cb609d5,21249851,1732357799,0x0000403772894446aa9df0823ff4d5272d940000,0x000037bb05b2cef17c6469f4bcdb198826ce0000,0.001549013280983027,,,call,32093,55,0
0xbb20e3eec03f307821594d3e5b24998c5d2b34da92d35451572da3e05cd06d60,21249937,1732358831,0x0000403772894446aa9df0823ff4d5272d940000,0x000037bb05b2cef17c6469f4bcdb198826ce0000,0.001619841745975397,,,call,32093,55,0
0x8a0a6f6ae6d4e98f7a629b7587225f2c5c0c9a302966cb13fe60545d94c8c731,21249960,1732359107,0x0000403772894446aa9df0823ff4d5272d940000,0x000037bb05b2cef17c6469f4bcdb198826ce0000,0.003243704375344435,,,call,32093,55,0
0x81ab681f609834d4257491f536da5713bc2327ba16e09f8faeeb4f52d3f2ce7e,21249963,1732359143,0x0000403772894446aa9df0823ff4d5272d940000,0x000037bb05b2cef17c6469f4bcdb198826ce0000,0.01685254332607425,,,call,25933,55,0
0x10a5f50673e4d44c5650e9c7073124048774d47e33877cd7d5e14b7ce2246f22,21250007,1732359671,0x0000403772894446aa9df0823ff4d5272d940000,0x000037bb05b2cef17c6469f4bcdb198826ce0000,0.005192802857787156,,,call,32093,55,0
0x994d39a86ef8362590b07d4ca7a4a40d5830987cd5d4790818a7203b0bc123c8,21250078,1732360523,0x0000403772894446aa9df0823ff4d5272d940000,0x000037bb05b2cef17c6469f4bcdb198826ce0000,0.03234332399193788,,,call,32093,55,0
0x9194192417982d3d948345ae7b6246a97034fc19de98bdade4b374485a6075f5,21250144,1732361327,0x0000403772894446aa9df0823ff4d5272d940000,0x000037bb05b2cef17c6469f4bcdb198826ce0000,0.1000935615009315,,,call,32093,55,0
0x0c223c03761047869955ea2605d874c558329fd38cd45a403fcb76323b4f3ffd,21250191,1732361891,0x0000403772894446aa9df0823ff4d5272d940000,0x000037bb05b2cef17c6469f4bcdb198826ce0000,0.005877994520446566,,,call,32093,55,0
0x29822c65bc28e4283bfb281abbf60b32685d89ccf3213a0b590dc4f4321107ec,21250199,1732361987,0x0000403772894446aa9df0823ff4d5272d940000,0x000037bb05b2cef17c6469f4bcdb198826ce0000,0.01317514789745648,,,call,32093,55,0
0x731b1fca9b2bd12a40dcb0e6b4cda26a46cb6b65f18daa4b570745422123bd1a,21250264,1732362767,0x0000403772894446aa9df0823ff4d5272d940000,0x000037bb05b2cef17c6469f4bcdb198826ce0000,0.00883428560274455,,,call,32093,55,0
0xfe9c72a8a569b9532c8d9ccc0db260941be04815901a66400829ca7f5a08c6e4,21250343,1732363715,0x0000403772894446aa9df0823ff4d5272d940000,0x000037bb05b2cef17c6469f4bcdb198826ce0000,0.001137921935846354,,,call,32093,55,0
0x361eb6fb7f2660cd735b6cb31f66c7c52fb448815a2d4eebc3e1d68bfc760e28,21250486,1732365443,0x0000403772894446aa9df0823ff4d5272d940000,0x000037bb05b2cef17c6469f4bcdb198826ce0000,0.004137360738416068,,,call,32093,55,0
0x2cb72f463eb2d01601d5e1ffb0c568e118aadd6d2317f7a0ccc2de6181f613aa,21250513,1732365767,0x0000403772894446aa9df0823ff4d5272d940000,0x000037bb05b2cef17c6469f4bcdb198826ce0000,0.025056354364785604,,,call,32093,55,0
0xaaa5062d0fa4a8e8671baeb55c640e536c83f12b269e69825295669784b0a858,21250629,1732367159,0x0000403772894446aa9df0823ff4d5272d940000,0x000037bb05b2cef17c6469f4bcdb198826ce0000,0.001837532261957794,,,call,32093,55,0
0x43a57d5eedd260febd7cdc7b06be75cdc151bb2232bba153bd8e79ca851dd79b,21250639,1732367279,0x0000403772894446aa9df0823ff4d5272d940000,0x000037bb05b2cef17c6469f4bcdb198826ce0000,0.06731067298401477,,,call,32093,55,0
0x6d514c6ff3fe755c4e353bbe8711d8c964a2c6d9afd849904e6d966bccf91564,21250960,1732371155,0x0000403772894446aa9df0823ff4d5272d940000,0x000037bb05b2cef17c6469f4bcdb198826ce0000,0.014554662458288844,,,call,32093,55,0
0x16b1cf95da17cf2f990ce1908f996a26f87cd714fe50d44087e03e7b74f37e30,21251085,1732372691,0x0000403772894446aa9df0823ff4d5272d940000,0x000037bb05b2cef17c6469f4bcdb198826ce0000,0.00215514787296699,,,call,32093,55,0
0x904d28f34558e8913060f7b41a4fba0178e72dea1cb22c29e55346bedd718a7e,21251159,1732373591,0x0000403772894446aa9df0823ff4d5272d940000,0x000037bb05b2cef17c6469f4bcdb198826ce0000,0.03992661797268086,,,call,32093,55,0
0x85855b50af977b49d43f035710d07803600daa421ec12b441190d6a4f898cde1,21251230,1732374443,0x0000403772894446aa9df0823ff4d5272d940000,0x000037bb05b2cef17c6469f4bcdb198826ce0000,0.002907138865796654,,,call,32093,55,0
0xf3c84a150d936bb9d6f68c9c9c151c877769c754fcac1c33808df99b188b0d8a,21251245,1732374623,0x0000403772894446aa9df0823ff4d5272d940000,0x000037bb05b2cef17c6469f4bcdb198826ce0000,0.000603530963960704,,,call,32093,55,0
0x75e5751e6e100b88cfc83fd74d88370b611881f2ebc6d595c975a987f957aed8,21251291,1732375175,0x0000403772894446aa9df0823ff4d5272d940000,0x000037bb05b2cef17c6469f4bcdb198826ce0000,0.000828428649719133,,,call,32093,55,0
0xa77f54717a00a0f2b45752889c2bb6deedd6066e606e48beed3a71a3ec7c03c5,21251404,1732376531,0x0000403772894446aa9df0823ff4d5272d940000,0x000037bb05b2cef17c6469f4bcdb198826ce0000,0.019422434224046096,,,call,32093,55,0
0x14648215d9b9dce1e04cd8a489fc342c3fa161eb6027ad8e09238add4ddfa51b,21251420,1732376723,0x0000403772894446aa9df0823ff4d5272d940000,0x000037bb05b2cef17c6469f4bcdb198826ce0000,0.007697313998334462,,,call,32093,55,0
0xbbee4a72c7382cc7c7a8fd2cf07ce70b8b1336d6e6386321caa9347332101867,21251517,1732377887,0x0000403772894446aa9df0823ff4d5272d940000,0x000037bb05b2cef17c6469f4bcdb198826ce0000,0.010926258603390544,,,call,32093,55,0
0xe264231f0bd0c147860dc0dc5c7a452a27f05583b0af33ada54fa9b9727a0520,21251657,1732379567,0x0000403772894446aa9df0823ff4d5272d940000,0x000037bb05b2cef17c6469f4bcdb198826ce0000,0.006301255875671818,,,call,32093,55,0
0xd12c2ecdc4cc986c964bf7e62e05d1dc472d1acb600b5b93fc451f455f60573f,21251686,1732379915,0x0000403772894446aa9df0823ff4d5272d940000,0x000037bb05b2cef17c6469f4bcdb198826ce0000,0.00150593946916398,,,call,32093,55,0
0xc846f3ed0af494ff651e315dc1b020be355e167bd06bd37de8b01c79e7fecabc,21251691,1732379975,0x0000403772894446aa9df0823ff4d5272d940000,0x000037bb05b2cef17c6469f4bcdb198826ce0000,0.00384975960051478,,,call,32093,55,0
0x157fdf2e860a15ee4c464797fb064432eec31f1e74d762b807bea2d0cd31ebe9,21251698,1732380059,0x0000403772894446aa9df0823ff4d5272d940000,0x000037bb05b2cef17c6469f4bcdb198826ce0000,0.006539980558829036,,,call,25933,55,0
0xaf5001fa0fe8bedc7493eb15a74b3724c82d96981e6e868d22a4bebabe08d03e,21251750,1732380683,0x0000403772894446aa9df0823ff4d5272d940000,0x000037bb05b2cef17c6469f4bcdb198826ce0000,0.09288636492948611,,,call,32093,55,0
0xcac49e3e59db3122704e1763203911eaaa18bc4eda0d469c4fd1ee6d81438c9f,21251776,1732380995,0x0000403772894446aa9df0823ff4d5272d940000,0x000037bb05b2cef17c6469f4bcdb198826ce0000,0.004239585973798004,,,call,25933,55,0
0x21abb9f4f2bec3e7fbd38b6b8a9d858f08453023bf0d609f97339fabe78ef2e8,21251840,1732381775,0x0000403772894446aa9df0823ff4d5272d940000,0x000037bb05b2cef17c6469f4bcdb198826ce0000,0.1080213461719664,,,call,32093,55,0
0x7777e98eec72b55ac863ca2692daa855d9f9c67ac97693631875e3ed5d8db4b4,21251939,1732382963,0x0000403772894446aa9df0823ff4d5272d940000,0x000037bb05b2cef17c6469f4bcdb198826ce0000,0.00325495788484467,,,call,32093,55,0
0xdd09d9c141775d5775bd527b7bb84cbde721a8647a44b561b7d3721386c12b49,21251967,1732383299,0x0000403772894446aa9df0823ff4d5272d940000,0x000037bb05b2cef17c6469f4bcdb198826ce0000,0.03390343454486816,,,call,32093,55,0
0x9d3b8e3593bf4d41597c71f1d1ed65f90e6ae2323a005f2b7470bbd313a7c70c,21251972,1732383359,0x0000403772894446aa9df0823ff4d5272d940000,0x000037bb05b2cef17c6469f4bcdb198826ce0000,0.003271765251849014,,,call,32093,55,0
0x2c3812d8d5f03a72fd162e27ed6a372f1af9067ef8710e67ae10e801cf3c0d17,21251977,1732383419,0x0000403772894446aa9df0823ff4d5272d940000,0x000037bb05b2cef17c6469f4bcdb198826ce0000,0.000648320144663828,,,call,32093,55,0
0x09066721663c655f8092d4435adbacbaf40954a31e8dc4612d87e1c8a3602422,21252012,1732383839,0x0000403772894446aa9df0823ff4d5272d940000,0x000037bb05b2cef17c6469f4bcdb198826ce0000,0.005773308246307317,,,call,9527,55,0
0xdade87b5f7c8e88bff0b2a87bfbd5aabf856552a508edc85ca243563a508b685,21252089,1732384787,0x0000403772894446aa9df0823ff4d5272d940000,0x000037bb05b2cef17c6469f4bcdb198826ce0000,0.003237941730924953,,,call,32093,55,0
0x92c1e22b5af7748d3a38c2b736fd300c072837b023e81962d8e7053b746a40c7,21252133,1732385327,0x0000403772894446aa9df0823ff4d5272d940000,0x000037bb05b2cef17c6469f4bcdb198826ce0000,0.004361116403903622,,,call,32093,55,0
0x5d35023a0aa6115f142a5cc5013b2faa8494060c462e32887b96a1b48c7ab03d,21252291,1732387223,0x0000403772894446aa9df0823ff4d5272d940000,0x000037bb05b2cef17c6469f4bcdb198826ce0000,0.07989086221226839,,,call,32093,55,0
0x0483a5eaa12bb4c4fa48482839799746f0c3832bdae129e83c8645c8d9a47543,21252368,1732388147,0x0000403772894446aa9df0823ff4d5272d940000,0x000037bb05b2cef17c6469f4bcdb198826ce0000,0.048360431372007934,,,call,102690,55,0
0xa84a1b867c140afcd575cfd45e77bdf605c4ea925b0dea5dfddc983fff84b5e0,21252420,1732388771,0x0000403772894446aa9df0823ff4d5272d940000,0x000037bb05b2cef17c6469f4bcdb198826ce0000,0.05482231428571702,,,call,9527,55,0
0x7b8083a833084ba0f83afb3ca89520e732b28b4ef2586ece681b2699e422c4c7,21252424,1732388819,0x0000403772894446aa9df0823ff4d5272d940000,0x000037bb05b2cef17c6469f4bcdb198826ce0000,0.02838047617110727,,,call,32093,55,0
0xc30bfbf3016a1b95a0d92ce106b042594425dcca0c1d6d9f3c4b341524b54ad7,21252427,1732388867,0x0000403772894446aa9df0823ff4d5272d940000,0x000037bb05b2cef17c6469f4bcdb198826ce0000,0.000661731598525236,,,call,32093,55,0
0xf0b87a9795579081e76ea6d90315339770b73d844bbce24fcc849e5831885125,21252631,1732391315,0x0000403772894446aa9df0823ff4d5272d940000,0x000037bb05b2cef17c6469f4bcdb198826ce0000,0.010214505426827943,,,call,32093,55,0
0x1cd8e6e898b3ece377dc539b91d68bea32f578fd765a8be3d158d0c81d2dcb6c,21252653,1732391591,0x0000403772894446aa9df0823ff4d5272d940000,0x000037bb05b2cef17c6469f4bcdb198826ce0000,0.015932679684414974,,,call,32093,55,0
0xf5ed9a99880a91356d11f59361d50c7fefcfce0b88a391f95b51c0b7240112b2,21252694,1732392095,0x0000403772894446aa9df0823ff4d5272d940000,0x000037bb05b2cef17c6469f4bcdb198826ce0000,0.000410286712788181,,,call,32093,55,0
0x23264f0bfa1d812741ea76140ff189d838835363c7915d8d0cc8b354545136a0,21252751,1732392779,0x0000403772894446aa9df0823ff4d5272d940000,0x000037bb05b2cef17c6469f4bcdb198826ce0000,0.01427243742086114,,,call,32093,55,0
0x4892f9084e7fd8d3a96c2c4dca91894169de362070baa79a5eee430381b20e8f,21252762,1732392923,0x0000403772894446aa9df0823ff4d5272d940000,0x000037bb05b2cef17c6469f4bcdb198826ce0000,0.01274841846258562,,,call,9527,55,0
0x3f9663595c27fb27ec3dbec31690793973225e988f5c1b5458d38c132be3355e,21252785,1732393199,0x0000403772894446aa9df0823ff4d5272d940000,0x000037bb05b2cef17c6469f4bcdb198826ce0000,0.00270159323845988,,,call,32093,55,0
0xcbc097ba5e6071d70ae38607a99f459711e57893690a687ec8026f6051c9a4cb,21252795,1732393319,0x0000403772894446aa9df0823ff4d5272d940000,0x000037bb05b2cef17c6469f4bcdb198826ce0000,0.000978504440221022,,,call,32093,55,0
0x064fd453b312cbf31f717b938bea7345b2d878a6ff9c1af57cffe51a42acd1dd,21252911,1732394711,0x0000403772894446aa9df0823ff4d5272d940000,0x000037bb05b2cef17c6469f4bcdb198826ce0000,0.000617769778680749,,,call,32093,55,0
0xf414cb62bc62e833905dbdd6bf7d3ec96c20d4c9cda7b309c70183619d8979db,21252970,1732395431,0x0000403772894446aa9df0823ff4d5272d940000,0x000037bb05b2cef17c6469f4bcdb198826ce0000,0.06826026739525154,,,call,32093,55,0
0x29541b53d443523e60b680fffc0ee1387263a24ac3e378c6f7c36f7dfc278523,21252982,1732395575,0x0000403772894446aa9df0823ff4d5272d940000,0x000037bb05b2cef17c6469f4bcdb198826ce0000,0.015781053101679047,,,call,32093,55,0
0xb3f6d4a563f4630f5d0c8b4bfa960b2dba5883a4a45007e1d592bea57da668aa,21253026,1732396115,0x0000403772894446aa9df0823ff4d5272d940000,0x000037bb05b2cef17c6469f4bcdb198826ce0000,0.009479427359369843,,,call,9527,55,0
0x3470797079b8d3d5a89a6e0f87f5bb0b9924c50730e7f800655b4fceb0e6240c,21253039,1732396283,0x0000403772894446aa9df0823ff4d5272d940000,0x000037bb05b2cef17c6469f4bcdb198826ce0000,0.024268150671684176,,,call,32093,55,0
0x9a19ff9daf14db162f33b6f248b7f3187e517ecb81ce256e31cc0999f4d54012,21253275,1732399127,0x0000403772894446aa9df0823ff4d5272d940000,0x000037bb05b2cef17c6469f4bcdb198826ce0000,6.59396527707e-05,,,call,32093,55,0
0x96b14ee686f8e31ed9cfe54dd80f04f6ca79f79f998903f00e68d0b09d8c19e5,21253333,1732399823,0x0000403772894446aa9df0823ff4d5272d940000,0x000037bb05b2cef17c6469f4bcdb198826ce0000,0.030783224448715143,,,call,32093,55,0
0x8f708b9c1c9277b6ca981c09698b597449f2801cf99b2fb2bec50cbeb0f0fc5a,21253344,1732399955,0x0000403772894446aa9df0823ff4d5272d940000,0x000037bb05b2cef17c6469f4bcdb198826ce0000,0.00165039032468239,,,call,2420,55,0
0xab4816604c102b7255384aa00fd6c8e5d927cd78f2ce79099ffb85ffcf3ec3ed,21253351,1732400039,0x0000403772894446aa9df0823ff4d5272d940000,0x000037bb05b2cef17c6469f4bcdb198826ce0000,0.000669091896413018,,,call,2420,55,0
0x349de590dde972172265a1b98ca05b4b1d5fd844cdb6cf8f7c09f039056e5728,21253353,1732400063,0x0000403772894446aa9df0823ff4d5272d940000,0x000037bb05b2cef17c6469f4bcdb198826ce0000,7.2468008627067e-05,,,call,9527,55,0
0x23542250b58813b60eeee6bdb165525625db9714d719f964b4f930ca1a26b6b6,21253357,1732400111,0x0000403772894446aa9df0823ff4d5272d940000,0x000037bb05b2cef17c6469f4bcdb198826ce0000,0.000394589227325502,,,call,9527,55,0
0xe4a048c57ca83d20781375667c9a87b1228158c3e7944da4cb80b6bc7b279a80,21253359,1732400135,0x0000403772894446aa9df0823ff4d5272d940000,0x000037bb05b2cef17c6469f4bcdb198826ce0000,0.000584607587073678,,,call,32093,55,0
0x3cb8ca7fc48e8da735c2530d4e4a7de3da78f60d633e69d9a5f9efc6b019d7c2,21253387,1732400471,0x0000403772894446aa9df0823ff4d5272d940000,0x000037bb05b2cef17c6469f4bcdb198826ce0000,0.02648477340128647,,,call,32093,55,0
0x2ab71657f404c707fdd60963eb09a365980ebfc56154ce7fe4b1a1caff1056f2,21253473,1732401515,0x0000403772894446aa9df0823ff4d5272d940000,0x000037bb05b2cef17c6469f4bcdb198826ce0000,0.0008524529055577,,,call,32093,55,0
0x2dc174dd5f695dcd9566468ad2470fc21a882d3a97ea938075a1e4b80c2945db,21253586,1732402871,0x0000403772894446aa9df0823ff4d5272d940000,0x000037bb05b2cef17c6469f4bcdb198826ce0000,0.004319671273568454,,,call,32093,55,0
0xd02fec27d0e55d479a4b7624390e92f68c73b6764d2ee3a3f509b6474f7a944a,21253594,1732402967,0x0000403772894446aa9df0823ff4d5272d940000,0x000037bb05b2cef17c6469f4bcdb198826ce0000,0.007276519836919093,,,call,32093,55,0
0x70b857563bbdf4ec19c4f3ad11e0849e51a584bd7f255d40f89f7b04e105121d,21253659,1732403747,0x0000403772894446aa9df0823ff4d5272d940000,0x000037bb05b2cef17c6469f4bcdb198826ce0000,0.02744911824924369,,,call,32093,55,0
0xe77ea5548972d08100278ec54aa29f492a02d598b73eea7d04e08b5213b830c9,21253661,1732403771,0x0000403772894446aa9df0823ff4d5272d940000,0x000037bb05b2cef17c6469f4bcdb198826ce0000,0.000445792191876472,,,call,32093,55,0
0xda1a4f10f9a8bc4077eeaf10faf79fe54b95e95987d39a468775fc7a7d789b97,21253676,1732403951,0x0000403772894446aa9df0823ff4d5272d940000,0x000037bb05b2cef17c6469f4bcdb198826ce0000,0.002667961709211417,,,call,9527,55,0
0x0c1ae1e719e45a95dd2ca19d5575afb9e4e11d5b10523b4ea69affc3624a8e51,21253759,1732404947,0x0000403772894446aa9df0823ff4d5272d940000,0x000037bb05b2cef17c6469f4bcdb198826ce0000,0.056072546708278874,,,call,9527,55,0
0x64f2bafeddc3948a49e24395b7bb424a52b0ba900321d22a60d51dd904eb37ff,21253760,1732404959,0x0000403772894446aa9df0823ff4d5272d940000,0x000037bb05b2cef17c6469f4bcdb198826ce0000,0.02393150648908963,,,call,9527,55,0
0xe7fcf523faf82c38d3d9e970bdaf55515e2fcea225e4fe9ecbe0be77c786971b,21253823,1732405727,0x0000403772894446aa9df0823ff4d5272d940000,0x000037bb05b2cef17c6469f4bcdb198826ce0000,4.0272261594207e-05,,,call,32093,55,0
0xc73c12a935a89bdb52bf7d071198ac4b81b7314b15229b7fbbec30208dec9134,21253857,1732406135,0x0000403772894446aa9df0823ff4d5272d940000,0x000037bb05b2cef17c6469f4bcdb198826ce0000,0.000844265361722824,,,call,9527,55,0
0x10eb621d327142d5404ba569b6b97a00d614b84249264c00a549a8a6afa6b9f1,21254028,1732408187,0x0000403772894446aa9df0823ff4d5272d940000,0x000037bb05b2cef17c6469f4bcdb198826ce0000,0.03411851512154194,,,call,32093,55,0
0x37fac1a9c10f5c3f462b4ccef554156684ff28a83389753cb33717424930d09e,21254124,1732409363,0x0000403772894446aa9df0823ff4d5272d940000,0x000037bb05b2cef17c6469f4bcdb198826ce0000,0.04467193113294624,,,call,32093,55,0
0xf44242ffa40e502d2c7fe107112bf8334caf4b731147a61acbd2b786eefa3c4e,21254175,1732409975,0x0000403772894446aa9df0823ff4d5272d940000,0x000037bb05b2cef17c6469f4bcdb198826ce0000,0.011500285416957587,,,call,32093,55,0
0x777b9c0441f6ae68545b7ffea66e48d027cb2c3d79df0f9ed0f0a2127af998a6,21254233,1732410671,0x0000403772894446aa9df0823ff4d5272d940000,0x000037bb05b2cef17c6469f4bcdb198826ce0000,0.025475015533613712,,,call,9527,55,0
0x7c2a5285761cdc4b4cee70fc464b4bff403291ee453668b13eb1a529c69f0fef,21254247,1732410839,0x0000403772894446aa9df0823ff4d5272d940000,0x000037bb05b2cef17c6469f4bcdb198826ce0000,0.01007940843874436,,,call,32093,55,0
0xbad4aef1ec9396b8871924cd644114216cc1b2fe5efc2aeb38dc77799a8528d6,21254249,1732410863,0x0000403772894446aa9df0823ff4d5272d940000,0x000037bb05b2cef17c6469f4bcdb198826ce0000,0.000273838466975105,,,call,32093,55,0
0x84eaecb2bba7d6cc9dd79fb5dfb7429bf130ae1146280a0d9c323fe3828bec41,21254288,1732411331,0x0000403772894446aa9df0823ff4d5272d940000,0x000037bb05b2cef17c6469f4bcdb198826ce0000,0.001321101931947686,,,call,32093,55,0
0x4b999509d50843eef6afa92dc0e5bcc24f2a198ec015425e9c4eb70995443bde,21254300,1732411475,0x0000403772894446aa9df0823ff4d5272d940000,0x000037bb05b2cef17c6469f4bcdb198826ce0000,2.062642137998e-05,,,call,32093,55,0
0x704bd713e756ee6b2705f75b0b25380f7eaf53475a14edcee0727dee84552967,21254336,1732411907,0x0000403772894446aa9df0823ff4d5272d940000,0x000037bb05b2cef17c6469f4bcdb198826ce0000,0.00379185220834027,,,call,32093,55,0
0x57606b7ff52f36b23957435345ff477e0ca8c8bf183ee8e94ad885915c21e048,21254530,1732414235,0x0000403772894446aa9df0823ff4d5272d940000,0x000037bb05b2cef17c6469f4bcdb198826ce0000,0.014804286639423004,,,call,32093,55,0
0x1db394d339f25b47118f48fe37d3317bbca0e3e3a994ae9f0e45b96ce45d1cbe,21254537,1732414319,0x0000403772894446aa9df0823ff4d5272d940000,0x000037bb05b2cef17c6469f4bcdb198826ce0000,0.004086069193812533,,,call,32093,55,0
0xa2ddb6375255d2a258fa45bd951fa6f6f5a36e906d83ca6b5c1540fef59c7432,21254555,1732414535,0x0000403772894446aa9df0823ff4d5272d940000,0x000037bb05b2cef17c6469f4bcdb198826ce0000,0.12065086094532536,,,call,9527,55,0
0xf688c034c93f24f6b7cf6bec4397cd7b9c30b70b084b271e368d6d614754ad20,21254648,1732415651,0x0000403772894446aa9df0823ff4d5272d940000,0x000037bb05b2cef17c6469f4bcdb198826ce0000,0.005813883149064958,,,call,32093,55,0
0x211e586aee48446a28d6665003bdd8ad3b6fd40743daf95cadbb92f9ceaaaa58,21254662,1732415819,0x0000403772894446aa9df0823ff4d5272d940000,0x000037bb05b2cef17c6469f4bcdb198826ce0000,0.008995137553120326,,,call,32093,55,0
0x7cc245cc1d7a9b0249b92970e780c19e5463b0c18cb19ae0a3687cd271aa0c76,21254683,1732416071,0x0000403772894446aa9df0823ff4d5272d940000,0x000037bb05b2cef17c6469f4bcdb198826ce0000,0.000742512216472383,,,call,9527,55,0
0xce117f4e6725b34729aa581eb409473b47bb0ca90b8cc4686e391038fb5d80ad,21254698,1732416251,0x0000403772894446aa9df0823ff4d5272d940000,0x000037bb05b2cef17c6469f4bcdb198826ce0000,0.01719852535751464,,,call,32093,55,0
0xf7e6e614e6c50a16b4eb50a145f3c04caa6dea415cfa3e846855f9ad84a8cba7,21254754,1732416923,0x0000403772894446aa9df0823ff4d5272d940000,0x000037bb05b2cef17c6469f4bcdb198826ce0000,0.001518927446705323,,,call,32093,55,0
0xd50759a8c313187eac708d4ac265024f81dc46650d7963c43722ed675e371000,21254789,1732417343,0x0000403772894446aa9df0823ff4d5272d940000,0x000037bb05b2cef17c6469f4bcdb198826ce0000,0.026291051179641624,,,call,32093,55,0
0x7cc84edbe877e98de2fc4e0d2921a0c1596a2f902c51fd0f1cb6a20950b7321b,21254872,1732418339,0x0000403772894446aa9df0823ff4d5272d940000,0x000037bb05b2cef17c6469f4bcdb198826ce0000,0.00267983396578008,,,call,32093,55,0
0x4dd17a1c4096282bc932742ad9f9da15d877805d819b764f13681b1ab9b7c4bb,21254895,1732418615,0x0000403772894446aa9df0823ff4d5272d940000,0x000037bb05b2cef17c6469f4bcdb198826ce0000,0.009168373489631775,,,call,32093,55,0
0x3c87fc41e0b757fcc20adc7606ebafa946aa339e3fea323ba2512dffc26d3ff1,21254941,1732419167,0x0000403772894446aa9df0823ff4d5272d940000,0x000037bb05b2cef17c6469f4bcdb198826ce0000,0.001033321401900017,,,call,25933,55,0
0x6768711594e26bbfc71fb56237ea848fd67104b42fa02b548dfece69e8f5ef47,21255285,1732423319,0x0000403772894446aa9df0823ff4d5272d940000,0x000037bb05b2cef17c6469f4bcdb198826ce0000,0.007973987005874615,,,call,32093,55,0
0x26f25e651199b51bf962322510cb65c592e7b3b6affa2d61febeea2011b23661,21255313,1732423655,0x0000403772894446aa9df0823ff4d5272d940000,0x000037bb05b2cef17c6469f4bcdb198826ce0000,0.010693296284578817,,,call,32092,55,0
0xb1f192596368e434d2412cad3553cbbf95e23a397a491e03f3cfab81a19cf3c6,21255320,1732423739,0x0000403772894446aa9df0823ff4d5272d940000,0x000037bb05b2cef17c6469f4bcdb198826ce0000,0.001345528703800173,,,call,9527,55,0
0x2613a21812616750864a9921273624831374badd764f048ef384d5165b7009a3,21255333,1732423895,0x0000403772894446aa9df0823ff4d5272d940000,0x000037bb05b2cef17c6469f4bcdb198826ce0000,0.000530068008621432,,,call,9527,55,0
0x12e1ac2f61296d3c25c32adc8ce20e123bcc563582411d57bd22fb1efc676b4a,21255397,1732424675,0x0000403772894446aa9df0823ff4d5272d940000,0x000037bb05b2cef17c6469f4bcdb198826ce0000,0.001123222729420801,,,call,32093,55,0
0x44d0b929926204772f48a2ac6a353d5ecb872215dd7fa48626827eef648851cd,21255472,1732425575,0x0000403772894446aa9df0823ff4d5272d940000,0x000037bb05b2cef17c6469f4bcdb198826ce0000,1.5077635085075e-05,,,call,32093,55,0
0x38401e93772ed79e96618e2c16c67adfacea51bcabff5f08ffa87fa7069328af,21255493,1732425827,0x0000403772894446aa9df0823ff4d5272d940000,0x000037bb05b2cef17c6469f4bcdb198826ce0000,0.016976769059056297,,,call,32093,55,0
0x1cf676fe86df48b91119daf76bfb2ba8adeb361673a6297b094219195838b90c,21255632,1732427495,0x0000403772894446aa9df0823ff4d5272d940000,0x000037bb05b2cef17c6469f4bcdb198826ce0000,0.004447846251435631,,,call,32093,55,0
0xc558fc9df3e8cf2834306030776bb4f580bac64d7eb9463d1f38dea3947d844f,21255717,1732428527,0x0000403772894446aa9df0823ff4d5272d940000,0x000037bb05b2cef17c6469f4bcdb198826ce0000,0.003140331103394621,,,call,32093,55,0
0x9300e691cb3239a9b2ab9fb5be833039f82aa267b5bf2d9f63bbbd5b0eee4f93,21255733,1732428719,0x0000403772894446aa9df0823ff4d5272d940000,0x000037bb05b2cef17c6469f4bcdb198826ce0000,0.003581517997836802,,,call,32093,55,0
0x8fe19c4505506b808a59f7517fadfc943d27e10bd6c85e2aea4e362c279e1f20,21255888,1732430579,0x0000403772894446aa9df0823ff4d5272d940000,0x000037bb05b2cef17c6469f4bcdb198826ce0000,0.005826795926904337,,,call,32093,55,0
0x93458a373dcf4d0921535a22bda3a8ca1b6aa15d98637403edfb8f755464d574,21256011,1732432055,0x0000403772894446aa9df0823ff4d5272d940000,0x000037bb05b2cef17c6469f4bcdb198826ce0000,0.013612531052863848,,,call,32093,55,0
0x6639d28da6c7b9eec45bc71b319806e5cd1db65fc83b25d4b97f7e9163c5d2ef,21256025,1732432223,0x0000403772894446aa9df0823ff4d5272d940000,0x000037bb05b2cef17c6469f4bcdb198826ce0000,0.001032894808467746,,,call,9527,55,0
0xbed0c42294e62d4d3afcaec18cd5825a9517d730e3f61afda2423781b97291c5,21256087,1732432967,0x0000403772894446aa9df0823ff4d5272d940000,0x000037bb05b2cef17c6469f4bcdb198826ce0000,0.08678602584368236,,,call,32093,55,0
0x8c3bb4481c93bf70b258b725aad8b34cfb188be599df9ab2b0657cc23d5940f1,21256095,1732433063,0x0000403772894446aa9df0823ff4d5272d940000,0x000037bb05b2cef17c6469f4bcdb198826ce0000,0.000346193102629911,,,call,32093,55,0
0xed8223efa8e299e8cfdf1e0d1f4febe019e4ddd8c00d5f67d9e9ac4d41f7fe3c,21256138,1732433591,0x0000403772894446aa9df0823ff4d5272d940000,0x000037bb05b2cef17c6469f4bcdb198826ce0000,0.008501462899655046,,,call,32093,55,0
0x4785fe18a309f5fdd1834d17ec2eff671aac11db1892f2cb994096fd27b3b605,21256139,1732433603,0x0000403772894446aa9df0823ff4d5272d940000,0x000037bb05b2cef17c6469f4bcdb198826ce0000,0.005503965329629796,,,call,32093,55,0
0xef3ae11663c9161b638ba02c3816307ba4843646504a17188ffdb51e30f355e7,21256203,1732434371,0x0000403772894446aa9df0823ff4d5272d940000,0x000037bb05b2cef17c6469f4bcdb198826ce0000,0.001273151468680238,,,call,32093,55,0
0x4c685b0084585116b8f364271f4af47482574dfd5d09013f2326e06cafe9af02,21256254,1732434983,0x0000403772894446aa9df0823ff4d5272d940000,0x000037bb05b2cef17c6469f4bcdb198826ce0000,0.002341917244667532,,,call,32093,55,0
0xd0607dfb8a74231419e80e2dd04b3f285e4c4e8cf2df273c87c1811c488a994b,21256368,1732436363,0x0000403772894446aa9df0823ff4d5272d940000,0x000037bb05b2cef17c6469f4bcdb198826ce0000,0.002211168139248155,,,call,32093,55,0
0x980c375f4f185448dfa91ba8cbe1e4af354cb5229cb6a8021a9662ade5e0ff3f,21256417,1732436951,0x0000403772894446aa9df0823ff4d5272d940000,0x000037bb05b2cef17c6469f4bcdb198826ce0000,0.001601563730860658,,,call,32093,55,0
0x854b1f169ea974a46544a81b285a478f0693bcf0d5b3d743971168670fc3b0b7,21256487,1732437791,0x0000403772894446aa9df0823ff4d5272d940000,0x000037bb05b2cef17c6469f4bcdb198826ce0000,0.004347980306711962,,,call,32093,55,0
0xb544b12f8936c36562695bffef32027b2e8a449e38bdb34cd7f5dc44a4a90c82,21256539,1732438415,0x0000403772894446aa9df0823ff4d5272d940000,0x000037bb05b2cef17c6469f4bcdb198826ce0000,0.000201447031370022,,,call,32093,55,0
0x60b735655bc09236836e8678fac8069c2ef5a910b1d2ba23715badfe5f01cf71,21256539,1732438415,0x0000403772894446aa9df0823ff4d5272d940000,0x000037bb05b2cef17c6469f4bcdb198826ce0000,0.003825297867799354,,,call,32093,55,0
0x09df9c17930ef54a613a7825942c2da81e5a19c040af5079185167e79cb50a87,21256625,1732439471,0x0000403772894446aa9df0823ff4d5272d940000,0x000037bb05b2cef17c6469f4bcdb198826ce0000,0.11024222844104564,,,call,32093,55,0
0x7c0c5d50e308c775ca90a3c3e7efe6a9115c666044337bba41fa5956f25ebe9e,21256729,1732440731,0xef375c27c2d344a8df9c85bba9821cf9c6baddb8,0x0000403772894446aa9df0823ff4d5272d940000,0.005297232047585542,,,call,127669,24777,0
0x7c0c5d50e308c775ca90a3c3e7efe6a9115c666044337bba41fa5956f25ebe9e,21256729,1732440731,0x0000403772894446aa9df0823ff4d5272d940000,0x000037bb05b2cef17c6469f4bcdb198826ce0000,0.005297232047585542,,,call,101443,55,0
0x894f498805a1609399d085be7be2ae155331951bb64bb934419a5dfed05910cb,21256759,1732441091,0x0000403772894446aa9df0823ff4d5272d940000,0x000037bb05b2cef17c6469f4bcdb198826ce0000,0.003265410817638308,,,call,9527,55,0
0x51e79862e9caf5cd54653cfc88d3d833b5eab20f4235bc152cfc74f1aaf31d29,21256961,1732443515,0x0000403772894446aa9df0823ff4d5272d940000,0x000037bb05b2cef17c6469f4bcdb198826ce0000,0.002225336948089908,,,call,32093,55,0
0xc56fe7e08aef8ba53f07c589a5a4b115f3541e4e33a3f65b07e9e447150ef251,21257012,1732444127,0x0000403772894446aa9df0823ff4d5272d940000,0x000037bb05b2cef17c6469f4bcdb198826ce0000,0.003232985279190675,,,call,32093,55,0
0xaf13f700102ef7dca20636ce6cb619c656cbef35dea50f04010123e60c7a4aa4,21257041,1732444475,0x0000403772894446aa9df0823ff4d5272d940000,0x000037bb05b2cef17c6469f4bcdb198826ce0000,0.001312437038485772,,,call,32093,55,0
0x7e113469818681fe293b9f332069c0c34552b36cbddad4ef540ee54f8da2906b,21257042,1732444487,0x0000403772894446aa9df0823ff4d5272d940000,0x000037bb05b2cef17c6469f4bcdb198826ce0000,0.001997167502472046,,,call,32093,55,0
0xa1b19399d295acf5bb7584d1e85dccf8a85faafff6c21ab6e7223e264b300a5d,21257106,1732445255,0x0000403772894446aa9df0823ff4d5272d940000,0x000037bb05b2cef17c6469f4bcdb198826ce0000,0.004023646317857853,,,call,32093,55,0
0x9647acc99d44bad5357d78783e3dc66a9835d7e83203068c045f9b9f8f520bb6,21257194,1732446323,0x0000403772894446aa9df0823ff4d5272d940000,0x000037bb05b2cef17c6469f4bcdb198826ce0000,0.03198282077186988,,,call,32093,55,0
0xd8fca3147125fe0a054356bb77657b8a83350a4ded47c8f9bcaf3d6097e0ac34,21257297,1732447583,0x0000403772894446aa9df0823ff4d5272d940000,0x000037bb05b2cef17c6469f4bcdb198826ce0000,1.755218840118e-05,,,call,32093,55,0
0xd5012ff8f18e9d32e2e9e583f2c54bba3cbfa75677e76d3515a0516ccc1fa323,21257471,1732449707,0x0000403772894446aa9df0823ff4d5272d940000,0x000037bb05b2cef17c6469f4bcdb198826ce0000,0.002267063285358003,,,call,32093,55,0
0x02bb35cf86c1a7974078c2ebf5be3da0afa80ace200711421793068708621d5e,21257580,1732451027,0x0000403772894446aa9df0823ff4d5272d940000,0x000037bb05b2cef17c6469f4bcdb198826ce0000,0.013359519740111757,,,call,32093,55,0
0x22516ab40cffea4401e11b725c251e47d093f8589dc163dde088696eef6acb4d,21257593,1732451183,0x0000403772894446aa9df0823ff4d5272d940000,0x000037bb05b2cef17c6469f4bcdb198826ce0000,0.06253239566404935,,,call,32093,55,0
0x8dcc1f1e70478f6f08b0de640aa83f27d78f46a4639b8022f7eb29902cb7fe63,21257598,1732451243,0x0000403772894446aa9df0823ff4d5272d940000,0x000037bb05b2cef17c6469f4bcdb198826ce0000,0.010247873383100996,,,call,32093,55,0
0x85899f801c6c43e50ada5431ea09b2c0adc6c85e3802a8f7e448189efb26b80a,21257717,1732452671,0x0000403772894446aa9df0823ff4d5272d940000,0x000037bb05b2cef17c6469f4bcdb198826ce0000,0.04352380100832565,,,call,9527,55,0
0x025587fd829cd3bca3e79ac84b4a1e2eac290eb6ce4e1605d55f674ad2b4a801,21257769,1732453307,0x0000403772894446aa9df0823ff4d5272d940000,0x000037bb05b2cef17c6469f4bcdb198826ce0000,0.08295578628456701,,,call,32093,55,0
0x145a68d453bad07bce6feef5b50ba1c5f96bbbf3daa336b81cb107666a47b965,21257802,1732453703,0x0000403772894446aa9df0823ff4d5272d940000,0x000037bb05b2cef17c6469f4bcdb198826ce0000,0.001750687183253659,,,call,32093,55,0
0x8772f61f88d57d3694407b5c807c4c05604eca6311beba469fd57b2244787bd3,21257837,1732454123,0x0000403772894446aa9df0823ff4d5272d940000,0x000037bb05b2cef17c6469f4bcdb198826ce0000,0.005634930813130711,,,call,32093,55,0
0xace5d3bfcdb448c82bff395d67c445218b7a5ed93f5effb1327dcc11876b0481,21257930,1732455251,0x0000403772894446aa9df0823ff4d5272d940000,0x000037bb05b2cef17c6469f4bcdb198826ce0000,3.8554387619813e-05,,,call,32093,55,0
0x25039131f6a9e4789004f503df9174a0c7fce970d94f7c0144334e4cca8b9de0,21257976,1732455803,0x0000403772894446aa9df0823ff4d5272d940000,0x000037bb05b2cef17c6469f4bcdb198826ce0000,0.01174043728878996,,,call,32093,55,0
0xb034fd5514148a5ee63ea20ac77a8d99419acefbcb652de86f4e22062dc177ab,21257993,1732456007,0x0000403772894446aa9df0823ff4d5272d940000,0x000037bb05b2cef17c6469f4bcdb198826ce0000,0.003315787602648684,,,call,32093,55,0
0xa6d7e32e9b955d94ae9462bcef9992c9c78440a3d31f31aa7de4afdcec4caf8c,21258000,1732456091,0x0000403772894446aa9df0823ff4d5272d940000,0x000037bb05b2cef17c6469f4bcdb198826ce0000,0.004071939926042136,,,call,32093,55,0
0x0dbd8fd832942f498edcaffce1fe867bc7f26164bef47f0d449df7b9a4a4fe8b,21258043,1732456607,0x0000403772894446aa9df0823ff4d5272d940000,0x000037bb05b2cef17c6469f4bcdb198826ce0000,0.000396881315819952,,,call,32093,55,0
0x76960a802b5d8134062ee2a98d3d6b4aeb137b4df90855267afe9ed1462a0cb3,21258097,1732457255,0x0000403772894446aa9df0823ff4d5272d940000,0x000037bb05b2cef17c6469f4bcdb198826ce0000,0.000402298337763373,,,call,32093,55,0
0xf2645a403763855f4f29732f2b026811db834b7c277d11418326fb06d3b1022f,21258118,1732457507,0x0000403772894446aa9df0823ff4d5272d940000,0x000037bb05b2cef17c6469f4bcdb198826ce0000,0.002069513414909209,,,call,32093,55,0
0xd7f9be46c1bddae52fc3e0b5c5c534fd93a129e8425178a543f69b2da4e75728,21258214,1732458659,0x0000403772894446aa9df0823ff4d5272d940000,0x000037bb05b2cef17c6469f4bcdb198826ce0000,0.0124473568844343,,,call,32093,55,0
0x2248930564fe774ba32676cc3725a7994acaf90fbe5ec7c55c89437062503a8c,21258249,1732459091,0x0000403772894446aa9df0823ff4d5272d940000,0x000037bb05b2cef17c6469f4bcdb198826ce0000,0.004410509868702204,,,call,32093,55,0
0xfde0770a5082987ee2777b2e9d90e1f1712dd723a167101b81831fa181901ac0,21258379,1732460651,0x0000403772894446aa9df0823ff4d5272d940000,0x000037bb05b2cef17c6469f4bcdb198826ce0000,0.003650347497781678,,,call,32093,55,0
0xaae7cd7fe08bf857ff3750885926353dce47cf1799e23e490dc8925346bbc750,21258455,1732461563,0x0000403772894446aa9df0823ff4d5272d940000,0x000037bb05b2cef17c6469f4bcdb198826ce0000,0.042704617603304365,,,call,32093,55,0
0xbcbc38c36680d5855674ee0fea7ad7969ebc1195e1d50e0b1e814ad260770a0b,21258587,1732463147,0x0000403772894446aa9df0823ff4d5272d940000,0x000037bb05b2cef17c6469f4bcdb198826ce0000,0.01211265501454252,,,call,32093,55,0
0xb5cf47e919dc40c8b58ab3cb00dd082333788ccc0b0ec56eff03bcf0ddddc47e,21258601,1732463315,0x0000403772894446aa9df0823ff4d5272d940000,0x000037bb05b2cef17c6469f4bcdb198826ce0000,0.00683937875943097,,,call,32093,55,0
0xce9837fc93e9c1fca4c0d37cd141b04baf72c3da297d15f8130523051571bf6c,21258745,1732465043,0x0000403772894446aa9df0823ff4d5272d940000,0x000037bb05b2cef17c6469f4bcdb198826ce0000,0.000370524108574086,,,call,32093,55,0
0x3a3fdafc55e8e2f18425a0251cd6ae3fcd163115f60e1e0a8483b91e3781deb5,21258763,1732465259,0x0000403772894446aa9df0823ff4d5272d940000,0x000037bb05b2cef17c6469f4bcdb198826ce0000,0.000118689465216067,,,call,32093,55,0
0xf2c4a59b7914dd109bb8be776e73c6397f06825b3f243597f16711775ac08cee,21258792,1732465607,0x0000403772894446aa9df0823ff4d5272d940000,0x000037bb05b2cef17c6469f4bcdb198826ce0000,0.003995344362989063,,,call,32093,55,0
0xf9883ecb3ff37a9b68f5b168184316a7200d2674cf8b5634c457af23d2c07b60,21258813,1732465859,0x0000403772894446aa9df0823ff4d5272d940000,0x000037bb05b2cef17c6469f4bcdb198826ce0000,0.004721361510337717,,,call,32093,55,0
0xd2bfed773b82d5c58e76f227ff93a60881eacf769d2190cea097d7cff198690a,21258896,1732466855,0x0000403772894446aa9df0823ff4d5272d940000,0x000037bb05b2cef17c6469f4bcdb198826ce0000,0.13269123489523504,,,call,9527,55,0
0x80fecb955fb8740f0cac2e82fa52cd5f8cfbd83e45f63cc78bd0c508a4362217,21258956,1732467587,0x0000403772894446aa9df0823ff4d5272d940000,0x000037bb05b2cef17c6469f4bcdb198826ce0000,0.005106075628196223,,,call,32093,55,0
0xfaab6ac2e86a5054bf354004223e4cde75fa3d992ea30828a6e94c29a20d93aa,21258996,1732468067,0x0000403772894446aa9df0823ff4d5272d940000,0x000037bb05b2cef17c6469f4bcdb198826ce0000,0.028018637661111585,,,call,32093,55,0
0x895212066fbbcd82ef7d68f0038c4d4a1a7db41b28ef6084f901b13fe7f6fe20,21259004,1732468163,0x0000403772894446aa9df0823ff4d5272d940000,0x000037bb05b2cef17c6469f4bcdb198826ce0000,0.10996310217924304,,,call,32093,55,0
0xcd6138cdb26291355a4e71f3526d00bf1905d50fa5ee703d480ca9a48b7da0ca,21259017,1732468319,0x0000403772894446aa9df0823ff4d5272d940000,0x000037bb05b2cef17c6469f4bcdb198826ce0000,0.002925097925253574,,,call,25933,55,0
0xcf4ed8721a24e04945fdcae304d334a24cbc24b6ce7b959bfe76cae73ebb5976,21259192,1732470479,0x0000403772894446aa9df0823ff4d5272d940000,0x000037bb05b2cef17c6469f4bcdb198826ce0000,0.000339624858766116,,,call,32093,55,0
0x1cbaeabeea6707df67d28868a8ff6f691c299e5e8bdff890e2c4567cb82c80f0,21259195,1732470515,0x0000403772894446aa9df0823ff4d5272d940000,0x000037bb05b2cef17c6469f4bcdb198826ce0000,0.015738848177650942,,,call,32093,55,0
0xb6373412db177367879ae8749f1e67d4cf3eae04bd5dabd17a242c17e2da2732,21259204,1732470623,0x0000403772894446aa9df0823ff4d5272d940000,0x000037bb05b2cef17c6469f4bcdb198826ce0000,0.008751500302299754,,,call,32093,55,0
0x2407e0a96c5a80f43f320fc8dcf0baf367ac69992870fee69d3090ad6c2dd5fa,21259249,1732471163,0x0000403772894446aa9df0823ff4d5272d940000,0x000037bb05b2cef17c6469f4bcdb198826ce0000,0.013730689401350478,,,call,32093,55,0
0xf0a9eeb6e4af97102c850dd7dc0f742e84f08c06c5ffa88916e5087f4d9f5d6d,21259269,1732471403,0x0000403772894446aa9df0823ff4d5272d940000,0x000037bb05b2cef17c6469f4bcdb198826ce0000,0.025308562372450185,,,call,32093,55,0
0x607b90753a3574f538957ad4e4e2aad06a885aeae548e4d9f6904ba6835306f5,21259278,1732471511,0x0000403772894446aa9df0823ff4d5272d940000,0x000037bb05b2cef17c6469f4bcdb198826ce0000,0.018878452395268672,,,call,32093,55,0
0x23f39c6583deb595abfdd4ba1c4dc235c3165098ff045e954932656664504927,21259352,1732472399,0x0000403772894446aa9df0823ff4d5272d940000,0x000037bb05b2cef17c6469f4bcdb198826ce0000,0.002876790153221942,,,call,32093,55,0
0xf4756633a195fce2028540d8fdc28454828522949727604d3fd8239f279513ce,21259538,1732474631,0x0000403772894446aa9df0823ff4d5272d940000,0x000037bb05b2cef17c6469f4bcdb198826ce0000,0.00326130779969729,,,call,32093,55,0
0x7423c3a567fd770bd8ed63ddd768ce64d47a84dc62513b2898614df254fc9d31,21259548,1732474751,0x0000403772894446aa9df0823ff4d5272d940000,0x000037bb05b2cef17c6469f4bcdb198826ce0000,0.03317201027697768,,,call,32093,55,0
0x920306ca721a28d2764e46954fe806f47b91de680373fc969dade35446f6f53f,21259549,1732474763,0x0000403772894446aa9df0823ff4d5272d940000,0x000037bb05b2cef17c6469f4bcdb198826ce0000,0.005745880753832926,,,call,32093,55,0
0x8eed349b4fc7122c153e00c859c6763f73ee6010f100a287d76af16cd767d026,21259554,1732474823,0x0000403772894446aa9df0823ff4d5272d940000,0x000037bb05b2cef17c6469f4bcdb198826ce0000,0.000228278716675047,,,call,32093,55,0
0xc746f62b1fdaeb8bccee026a0f4f151752f13a2b9e2872ae87e2fc801eb1e498,21259689,1732476443,0x0000403772894446aa9df0823ff4d5272d940000,0x000037bb05b2cef17c6469f4bcdb198826ce0000,0.011476741589945168,,,call,32093,55,0
0x2ab32f24f9df01beccea29f517df186ad6fd30d3d2c634ea5cc8d03b9de7e44d,21259735,1732476995,0x0000403772894446aa9df0823ff4d5272d940000,0x000037bb05b2cef17c6469f4bcdb198826ce0000,0.002387024994909444,,,call,32093,55,0
0xab1c397cf44e5ad5d36bd6ca6d7f648744136a5b0b0694007d57520f6a29c778,21259814,1732477955,0x0000403772894446aa9df0823ff4d5272d940000,0x000037bb05b2cef17c6469f4bcdb198826ce0000,0.01371304661410697,,,call,32093,55,0
0x97d553562d1d3a408f0bf74ba1387f01cd65ea29750dd5acfb55a403dbcca9b3,21259906,1732479071,0x0000403772894446aa9df0823ff4d5272d940000,0x000037bb05b2cef17c6469f4bcdb198826ce0000,0.02054993014930839,,,call,32093,55,0
0x23e44c8165cfe734eaffaf13b812745e432be290987f461bb79077dea7df431e,21259921,1732479251,0x0000403772894446aa9df0823ff4d5272d940000,0x000037bb05b2cef17c6469f4bcdb198826ce0000,0.10687825014129096,,,call,32093,55,0
0x0681e52766f2fa51b88f50f7fb827cf5038f391075e2880aa14b156b003365dd,21260014,1732480367,0x0000403772894446aa9df0823ff4d5272d940000,0x000037bb05b2cef17c6469f4bcdb198826ce0000,0.001971837886192252,,,call,32093,55,0
0x1d8a1f5bb92d9df0d37f3645738bdd8e7220f149719b0224e833c54b0d642685,21260212,1732482755,0x0000403772894446aa9df0823ff4d5272d940000,0x000037bb05b2cef17c6469f4bcdb198826ce0000,0.00336854261757979,,,call,32093,55,0
0x724db0fe07d8463285b4c567c4028227648d66313d6c891237dcd6c36b42162d,21260232,1732482995,0x0000403772894446aa9df0823ff4d5272d940000,0x000037bb05b2cef17c6469f4bcdb198826ce0000,0.005695589404411404,,,call,32093,55,0
0x82f2db8c3d8574070971bf09c14800d5b2764a5f809c11bd97769b276bd77451,21260321,1732484075,0x0000403772894446aa9df0823ff4d5272d940000,0x000037bb05b2cef17c6469f4bcdb198826ce0000,0.005251800196237888,,,call,32093,55,0
0x2a9f1786d8731696d9479f7b0a0df6049c4653327768d0a029cbf5f1cf25e2fa,21260341,1732484315,0x0000403772894446aa9df0823ff4d5272d940000,0x000037bb05b2cef17c6469f4bcdb198826ce0000,0.007788711666401885,,,call,32093,55,0
0xd9809c4e66a7b19ab10e0cd0893ce028801ffe67376dc20ecb33619941690678,21260382,1732484807,0x0000403772894446aa9df0823ff4d5272d940000,0x000037bb05b2cef17c6469f4bcdb198826ce0000,0.003727182521074422,,,call,32093,55,0
0x7cbf38d0d45bbe87dcea39cceb08cbbf2adec702b4b8872198f25f9380444770,21260387,1732484867,0x0000403772894446aa9df0823ff4d5272d940000,0x000037bb05b2cef17c6469f4bcdb198826ce0000,0.006447236161119374,,,call,32093,55,0
0x1faf1e71e7630baa4d4031869efc57bcbd71a582615925494916fe917232a61b,21260575,1732487147,0x0000403772894446aa9df0823ff4d5272d940000,0x000037bb05b2cef17c6469f4bcdb198826ce0000,0.00980776110198708,,,call,9527,55,0
0x83414ad8a668a1612602daf1bce5f3791548708e8ce5ec7e3ea6e9b182e675aa,21260632,1732487831,0x0000403772894446aa9df0823ff4d5272d940000,0x000037bb05b2cef17c6469f4bcdb198826ce0000,0.002986688567701299,,,call,9527,55,0
0x500c296c81757f0b23146dd723c230a5c1d2b750ba0a47f3e404ed310f4a69d3,21260648,1732488023,0x0000403772894446aa9df0823ff4d5272d940000,0x000037bb05b2cef17c6469f4bcdb198826ce0000,0.007066193356006359,,,call,32093,55,0
0x8c9ecdbc77477e5f682df08995693dc0c80024f7a5a29666c283294b1086192e,21260747,1732489211,0x0000403772894446aa9df0823ff4d5272d940000,0x000037bb05b2cef17c6469f4bcdb198826ce0000,0.000585473521624094,,,call,32817,55,0
0x499bb9d7ab8f9b23f81582adc2a9b278266dd7347218f31ea68dfbc262f0649d,21260802,1732489871,0x0000403772894446aa9df0823ff4d5272d940000,0x000037bb05b2cef17c6469f4bcdb198826ce0000,9.3630154371388e-05,,,call,32093,55,0
0xf6dc7d19a579752d9142c143808da07640327ee70cebe90880d00aec9fc4b14c,21260903,1732491083,0x0000403772894446aa9df0823ff4d5272d940000,0x000037bb05b2cef17c6469f4bcdb198826ce0000,0.013464531154317212,,,call,2420,55,0
0x99c98d6174ffc2911166a4f09492bab4d425ebebbed8e46b514ca8124d6e5d28,21260923,1732491323,0x0000403772894446aa9df0823ff4d5272d940000,0x000037bb05b2cef17c6469f4bcdb198826ce0000,0.005759682780516566,,,call,32093,55,0
0xbcff37aa7438ab4e753a1aa723c610ef6da0730a9fafef315b28067378db1116,21260943,1732491575,0x0000403772894446aa9df0823ff4d5272d940000,0x000037bb05b2cef17c6469f4bcdb198826ce0000,0.000401816232679722,,,call,32093,55,0
0xd90373a77f956451c0c0ff83dcae830d501e04b6f2af6bbe73fb18fa7da056ef,21261025,1732492559,0x0000403772894446aa9df0823ff4d5272d940000,0x000037bb05b2cef17c6469f4bcdb198826ce0000,0.00216440652399299,,,call,32093,55,0
0x048d861abb503a9225b55a20018773fc021ee0df0755ae6d01e4bb1bf01cb590,21261086,1732493291,0x0000403772894446aa9df0823ff4d5272d940000,0x000037bb05b2cef17c6469f4bcdb198826ce0000,0.00115775053143802,,,call,32093,55,0
0x4d1f3d41f70f52723d18fad2b93e31a15efdfe82f7b90d4cc11fc0bb4ec10a8a,21261106,1732493531,0x0000403772894446aa9df0823ff4d5272d940000,0x000037bb05b2cef17c6469f4bcdb198826ce0000,0.002607938101652258,,,call,9527,55,0
0x8d45ae9621f13e13eafb69d422a5c7d9254735fb3abc6ecabbeb1b79d2ddee94,21261136,1732493891,0x0000403772894446aa9df0823ff4d5272d940000,0x000037bb05b2cef17c6469f4bcdb198826ce0000,0.004721396867981332,,,call,32093,55,0
0xe18e5ce3164d32c7d9715d93bd2baaacead21d4bea300d5cc89ac9d4f9f23aa9,21261444,1732497599,0x0000403772894446aa9df0823ff4d5272d940000,0x000037bb05b2cef17c6469f4bcdb198826ce0000,0.005812120708971885,,,call,32093,55,0
0xea17e00cdb866e2d0ec4ce0ba43eeb1604a033400805bbe0321eb0176e71c04f,21261582,1732499255,0x0000403772894446aa9df0823ff4d5272d940000,0x000037bb05b2cef17c6469f4bcdb198826ce0000,0.027392349889414826,,,call,32093,55,0
0x04531fe86fff8f56feb64907f9e4a91dbc0310547d60f15eef52c00b4bb28fb4,21261641,1732499963,0x0000403772894446aa9df0823ff4d5272d940000,0x000037bb05b2cef17c6469f4bcdb198826ce0000,0.011445797252894768,,,call,32093,55,0
0x185fc01a84baeca71409300b869dcfda3767152188e44b657326cb8813fe188e,21261716,1732500875,0x0000403772894446aa9df0823ff4d5272d940000,0x000037bb05b2cef17c6469f4bcdb198826ce0000,0.002327004014950008,,,call,9527,55,0
0x96f7ba8d52fa70f292fcf880a6b9f638a4245c909e9f16eda90a058da2ec05c4,21261718,1732500899,0x0000403772894446aa9df0823ff4d5272d940000,0x000037bb05b2cef17c6469f4bcdb198826ce0000,4.3023521212468e-05,,,call,32093,55,0
0xec941a21fa88b4fe313acffa187d4c9c651b68626b4682c84efec0343dcd41c5,21261719,1732500911,0x0000403772894446aa9df0823ff4d5272d940000,0x000037bb05b2cef17c6469f4bcdb198826ce0000,0.004848711007503286,,,call,32093,55,0
0xf46d7476d72964b91335ff4fa4af84f541227aabfbf83c58dfa1a3093873644e,21261779,1732501631,0x0000403772894446aa9df0823ff4d5272d940000,0x000037bb05b2cef17c6469f4bcdb198826ce0000,0.018314086423387995,,,call,32093,55,0
0x650d914f0b98badb7626a368e310893a6cdcea0972337f36f35f61b8655c5daf,21261846,1732502435,0x0000403772894446aa9df0823ff4d5272d940000,0x000037bb05b2cef17c6469f4bcdb198826ce0000,0.003556993823691279,,,call,32093,55,0
0xe03c3b8501a8023abfa920f2c15d18158a9d7de11034cf992cef3fab31a24081,21262092,1732505387,0x0000403772894446aa9df0823ff4d5272d940000,0x000037bb05b2cef17c6469f4bcdb198826ce0000,5.0004637455875e-05,,,call,32093,55,0
0x049d7ba1507e2414750d00e11ebd75745a6b0dcd26cbdb5f59e5b76ea4250ca0,21262180,1732506443,0x0000403772894446aa9df0823ff4d5272d940000,0x000037bb05b2cef17c6469f4bcdb198826ce0000,0.000348363046812423,,,call,32093,55,0
0x98fbe07174721ef90f60e255b0236583c92fd98b925f4a6835e4b4e642ebd4ac,21262278,1732507643,0x0000403772894446aa9df0823ff4d5272d940000,0x000037bb05b2cef17c6469f4bcdb198826ce0000,0.000771254386318948,,,call,32093,55,0
0x3ee322a17abcfaa725bce8c79680a96d53ccd0ff2be55eba80fd8b5959644e70,21262558,1732511003,0x0000403772894446aa9df0823ff4d5272d940000,0x000037bb05b2cef17c6469f4bcdb198826ce0000,0.012218820775924987,,,call,32093,55,0
0x67aa9a0393fb477ddf5fccfd976550a4e2030653afd346291ef0f89a1e51d28e,21262859,1732514615,0x0000403772894446aa9df0823ff4d5272d940000,0x000037bb05b2cef17c6469f4bcdb198826ce0000,0.08008063579450704,,,call,32093,55,0
0xde1faa0e8993f117414359abbec0f6250c12c21acf2590659e69172c043bca22,21262864,1732514675,0x0000403772894446aa9df0823ff4d5272d940000,0x000037bb05b2cef17c6469f4bcdb198826ce0000,0.009863909263658687,,,call,32093,55,0
0x6a10a128dfbb81f83feb5d8f9db440528869e828193d20627b32aeff9ab456b6,21262934,1732515527,0x0000403772894446aa9df0823ff4d5272d940000,0x000037bb05b2cef17c6469f4bcdb198826ce0000,0.07915322486343773,,,call,32093,55,0
0x30744f55fe6bcb857a98ba8e448139a0e8a9f1a5201367cffb642a6f69bee23d,21263273,1732519619,0x0000403772894446aa9df0823ff4d5272d940000,0x000037bb05b2cef17c6469f4bcdb198826ce0000,0.018864663845729015,,,call,32093,55,0
0x15bc3d847ff649f5f121622f3bbc4d71fcd83defd62ce0597a33eda20fe754bd,21263320,1732520183,0x0000403772894446aa9df0823ff4d5272d940000,0x000037bb05b2cef17c6469f4bcdb198826ce0000,0.004926602948151535,,,call,32093,55,0
0x9a58dfc2a18e9f18004d12b13bf75f82d946d49359959a97913e69fba27d7408,21263364,1732520711,0x0000403772894446aa9df0823ff4d5272d940000,0x000037bb05b2cef17c6469f4bcdb198826ce0000,0.07986035287477473,,,call,32093,55,0
0x2b83963253681200afbd5fc7fcf0a74e12dda822dd8a23c791165fab22ad4cef,21263495,1732522283,0x0000403772894446aa9df0823ff4d5272d940000,0x000037bb05b2cef17c6469f4bcdb198826ce0000,0.000888497954648393,,,call,32093,55,0
0x539cd2783c43a938493ab8b248ba868daf422cbdabd0040ab65505d85f1343ba,21263502,1732522367,0x0000403772894446aa9df0823ff4d5272d940000,0x000037bb05b2cef17c6469f4bcdb198826ce0000,0.000152518215658635,,,call,32093,55,0
0xce8d1d75b11c2038902e00e3057add24d57648d1db8dd98b53389fcb2a453402,21263515,1732522523,0x0000403772894446aa9df0823ff4d5272d940000,0x000037bb05b2cef17c6469f4bcdb198826ce0000,0.07304686506897332,,,call,32093,55,0
0x36e96ece46db08b4fd00c173df6237534689ff0efe4c7376c6802cbed8ee1cea,21263666,1732524335,0x0000403772894446aa9df0823ff4d5272d940000,0x000037bb05b2cef17c6469f4bcdb198826ce0000,0.025018936503211044,,,call,32093,55,0
0x4170555971a57180958649b9896a8538b7f9cf8d54e6cb116107c92b32bcf89b,21263883,1732526963,0x0000403772894446aa9df0823ff4d5272d940000,0x000037bb05b2cef17c6469f4bcdb198826ce0000,0.07371054310764301,,,call,32093,55,0
0xe5113398f69d917e816c5b7135fc5c60fca622b2d4b0884bc019ec07afca5ce2,21263893,1732527083,0x0000403772894446aa9df0823ff4d5272d940000,0x000037bb05b2cef17c6469f4bcdb198826ce0000,0.000757969205110366,,,call,32093,55,0
0x6334ce90a32cc6bd217f11938c2b13f9588c9965246b2a4d9a031c6bdb8c9e54,21263900,1732527167,0x0000403772894446aa9df0823ff4d5272d940000,0x000037bb05b2cef17c6469f4bcdb198826ce0000,0.016214319276454565,,,call,32093,55,0
0xb12efbcde629bed6c84a7f7fa943ba476678060f3f0429e7e8ba42de37b30af3,21264046,1732528919,0x0000403772894446aa9df0823ff4d5272d940000,0x000037bb05b2cef17c6469f4bcdb198826ce0000,0.008191754837522316,,,call,32093,55,0
0x05f0d651b9e364b7aba808895032970de36e08cdbe4e7fb7daf0487eb99a12ac,21264165,1732530359,0x0000403772894446aa9df0823ff4d5272d940000,0x000037bb05b2cef17c6469f4bcdb198826ce0000,0.001370792954866263,,,call,32093,55,0
0x3b35b590b37960b8753b80664fdbc257bf15aa8411734def7bf2b2d04d27ed66,21264256,1732531451,0x0000403772894446aa9df0823ff4d5272d940000,0x000037bb05b2cef17c6469f4bcdb198826ce0000,0.03318105690895412,,,call,32093,55,0
0x4937317bebdf60c33ddc9a53b79bf8204dadce0915dd1ebe3b7e47347ac3a6e9,21264262,1732531523,0x0000403772894446aa9df0823ff4d5272d940000,0x000037bb05b2cef17c6469f4bcdb198826ce0000,0.009893819974621272,,,call,32093,55,0
0x6a74e5a2c70ff24aca4210a9d1180dbf12d385fee8a46e3730a10560a6cb83f0,21264264,1732531547,0x0000403772894446aa9df0823ff4d5272d940000,0x000037bb05b2cef17c6469f4bcdb198826ce0000,0.001527008356780819,,,call,32093,55,0
0x932d62ce69239177e741175a4ee976aaad8c97b32d876f784d662107a1a6ea35,21264269,1732531607,0x0000403772894446aa9df0823ff4d5272d940000,0x000037bb05b2cef17c6469f4bcdb198826ce0000,0.002758905004982719,,,call,32093,55,0
0xaf7cfa648b68b5aa92eca7d89ed06a88ac83068bdfaeb5f47b969f72eea01dc3,21264328,1732532327,0x0000403772894446aa9df0823ff4d5272d940000,0x000037bb05b2cef17c6469f4bcdb198826ce0000,0.04691948860221271,,,call,32093,55,0
0x83b67051092fc38314719cb7aff13b21cc71acd1c7f418651b9cd5bfc9c99c7c,21264337,1732532435,0x0000403772894446aa9df0823ff4d5272d940000,0x000037bb05b2cef17c6469f4bcdb198826ce0000,0.000933488590388476,,,call,32093,55,0
0xc16aae8a2faa2120eadc625846c7f14323401a6cffb8de681c47870585e183e2,21264381,1732532963,0x0000403772894446aa9df0823ff4d5272d940000,0x000037bb05b2cef17c6469f4bcdb198826ce0000,0.001132979316683514,,,call,32093,55,0
0xa4eb3d59d782fee757049e60086a95899851c6effa2c2dbbbb55895ff9171c47,21264459,1732533911,0x0000403772894446aa9df0823ff4d5272d940000,0x000037bb05b2cef17c6469f4bcdb198826ce0000,0.020273943755682425,,,call,32093,55,0
0xa1ed218c4d83449caab2615c33ab8196dba0101114730eda3801011bf480d25e,21264529,1732534751,0x0000403772894446aa9df0823ff4d5272d940000,0x000037bb05b2cef17c6469f4bcdb198826ce0000,0.000734742803755406,,,call,32093,55,0
0x317475bc988540e8bace66ac7bb5b310f4af98e0e054b4b9d80a9350fb050e58,21264572,1732535267,0x0000403772894446aa9df0823ff4d5272d940000,0x000037bb05b2cef17c6469f4bcdb198826ce0000,0.001362561503635872,,,call,32093,55,0
0x05770ad00708e2a22f290e4436830db1878a3322e43499dc4df30abc00e26fff,21264764,1732537583,0x0000403772894446aa9df0823ff4d5272d940000,0x000037bb05b2cef17c6469f4bcdb198826ce0000,0.004652424488312916,,,call,32093,55,0
0x1ea106fea4cd1eb3a79147c9caeca15bd482f2c1a636656bd1de4798c382c157,21265014,1732540607,0x0000403772894446aa9df0823ff4d5272d940000,0x000037bb05b2cef17c6469f4bcdb198826ce0000,0.006156352262606436,,,call,32093,55,0
0xd6742687237f0a03fb3e133105d586619c5e79cfc4dce91853e98484bbbd9161,21265033,1732540835,0x0000403772894446aa9df0823ff4d5272d940000,0x000037bb05b2cef17c6469f4bcdb198826ce0000,0.010478114938637283,,,call,32093,55,0
0x73c633839beeb91267fecf24ef425fd64cbe667087a2837f64f0aece01aa7ff8,21265521,1732546739,0x0000403772894446aa9df0823ff4d5272d940000,0x000037bb05b2cef17c6469f4bcdb198826ce0000,0.000221867575258344,,,call,32093,55,0
0x0230c2d286fa544db8a3b0b6a8b7fb1457c16314ceda0a12124f2b7d6de1fdcc,21265531,1732546871,0x0000403772894446aa9df0823ff4d5272d940000,0x000037bb05b2cef17c6469f4bcdb198826ce0000,0.014152083690551312,,,call,32093,55,0
0xf83f14ce30789d88cc2a255279b3bf0487fcd27304a77b7ed02d4d9705bf2b31,21265550,1732547111,0x0000403772894446aa9df0823ff4d5272d940000,0x000037bb05b2cef17c6469f4bcdb198826ce0000,0.018822404202546144,,,call,32093,55,0
0xc2a88457c623a05f18f22a5dbe492bee7eb45f968b75b9921a7809faf8e1545c,21265551,1732547123,0x0000403772894446aa9df0823ff4d5272d940000,0x000037bb05b2cef17c6469f4bcdb198826ce0000,0.004041820862559166,,,call,32093,55,0
0xaea04da20a66c51965b3727c8273c70995acc16485045ec844bf1c1b01f06081,21265556,1732547183,0x0000403772894446aa9df0823ff4d5272d940000,0x000037bb05b2cef17c6469f4bcdb198826ce0000,0.017743235015472376,,,call,32093,55,0
0xeef35a01058b1a554174a49291eadd609b732100424a5afdc78cfb327f341432,21265567,1732547315,0x0000403772894446aa9df0823ff4d5272d940000,0x000037bb05b2cef17c6469f4bcdb198826ce0000,0.02667887968417593,,,call,32093,55,0
0x141c04e132977585a106fb070220e93ce5665e6b12382fbd09ac7059e7b40f79,21265577,1732547435,0x0000403772894446aa9df0823ff4d5272d940000,0x000037bb05b2cef17c6469f4bcdb198826ce0000,0.000441419407193955,,,call,32093,55,0
0x667c3587b759de88654eba1ac7e38f9950b3deb4b17c970f541394e064444cef,21266112,1732553891,0x0000403772894446aa9df0823ff4d5272d940000,0x000037bb05b2cef17c6469f4bcdb198826ce0000,0.001249131650840036,,,call,9527,55,0
0x2a95c0d735049b4c77c37567a5d567248403eb8e0d3e5da6e00a8df07e8ef433,21266286,1732556003,0x0000403772894446aa9df0823ff4d5272d940000,0x000037bb05b2cef17c6469f4bcdb198826ce0000,0.00607981544760721,,,call,9527,55,0
0x0fc64bdfb557c95b0b7ff21e5394f33de017e55b3d491969f3be8cec3513b249,21266386,1732557227,0x0000403772894446aa9df0823ff4d5272d940000,0x000037bb05b2cef17c6469f4bcdb198826ce0000,0.002327018422234013,,,call,9527,55,0
0x33be4328b2e2a038d393af97c54eba09337bfc9597d4e9961a5c581ed6242f77,21266478,1732558343,0x0000403772894446aa9df0823ff4d5272d940000,0x000037bb05b2cef17c6469f4bcdb198826ce0000,0.001989622978140055,,,call,32093,55,0
0x7773946ba1ceab06b3697572bbf4631a9f48bc420ae728d35d08bfb5da3cd954,21266505,1732558667,0x0000403772894446aa9df0823ff4d5272d940000,0x000037bb05b2cef17c6469f4bcdb198826ce0000,0.03880793958667622,,,call,9527,55,0
0x2a3c89e5dae23f4d16dce1ac7a3a4fc097cb509dbf50ca84f700c3cf01427e3b,21266618,1732560035,0x0000403772894446aa9df0823ff4d5272d940000,0x000037bb05b2cef17c6469f4bcdb198826ce0000,0.08767835844046035,,,call,32093,55,0
0x44581b54c7b4e7e26d3afa38b09aec13f6a46627c94a6a828f8e15b796570862,21266970,1732564295,0x0000403772894446aa9df0823ff4d5272d940000,0x000037bb05b2cef17c6469f4bcdb198826ce0000,0.027495591571362808,,,call,32093,55,0
0xbc2c78d1f6f80c4f1e3bd4769c62c0a914a615c95f01091206131681fa29eb08,21266976,1732564367,0x0000403772894446aa9df0823ff4d5272d940000,0x000037bb05b2cef17c6469f4bcdb198826ce0000,0.016896896659807936,,,call,9527,55,0
0x917dec681f82292d3ae2694816a35b9a73b8cd7ef76130e757dbdab3d30b0ba0,21266987,1732564499,0x0000403772894446aa9df0823ff4d5272d940000,0x000037bb05b2cef17c6469f4bcdb198826ce0000,0.000708650285798146,,,call,32093,55,0
0xfbc7a17da6e43d0e2806b238b83dd996c35fae229e1755de8d146ffcdf79be44,21267028,1732564991,0x0000403772894446aa9df0823ff4d5272d940000,0x000037bb05b2cef17c6469f4bcdb198826ce0000,0.007406850429158364,,,call,32093,55,0
0xe6274e5976bbf413ff4ff846482db41b6eb9b1367cbdd3883f821412b520a37c,21267050,1732565255,0x0000403772894446aa9df0823ff4d5272d940000,0x000037bb05b2cef17c6469f4bcdb198826ce0000,0.001841972926608024,,,call,32093,55,0
0xcb0012dc8bea104d2cfcfaf01121a4a299e4518f1e740f344ab518b89e68a633,21267387,1732569335,0x0000403772894446aa9df0823ff4d5272d940000,0x000037bb05b2cef17c6469f4bcdb198826ce0000,0.010160069447197958,,,call,2420,55,0
0x8f2ce3ce3f0aabe4403d30839bbc69fd46ba1b2db3b2e1e78f223d36263a67f8,21267520,1732570943,0x0000403772894446aa9df0823ff4d5272d940000,0x000037bb05b2cef17c6469f4bcdb198826ce0000,0.003552462308474456,,,call,32093,55,0
0xff7120c987ed7977f8668d56fe033ebaa4cf395c79d5a220c18876716c8b9ea3,21267673,1732572779,0x0000403772894446aa9df0823ff4d5272d940000,0x000037bb05b2cef17c6469f4bcdb198826ce0000,0.00308921602951348,,,call,9527,55,0
0xfc5ba2f3633bd5506568a8947834f6a548a42d057ed6d618064e6d300efb0aa7,21267858,1732575011,0x0000403772894446aa9df0823ff4d5272d940000,0x000037bb05b2cef17c6469f4bcdb198826ce0000,0.3484294005852677,,,call,278144,55,0
0xfc5ba2f3633bd5506568a8947834f6a548a42d057ed6d618064e6d300efb0aa7,21267858,1732575011,0x08a804380674f10f63fdd961ea97b8a475232cbd,0x0000403772894446aa9df0823ff4d5272d940000,0.3484294005852677,,,call,307175,24777,0
0xd414474b83c2b9f72345a5817d84d3b7febf38b4af919eec9b1db021913a242b,21268143,1732578491,0x0000403772894446aa9df0823ff4d5272d940000,0x000037bb05b2cef17c6469f4bcdb198826ce0000,0.001753640911434525,,,call,32093,55,0
0xdc10a641e7c774ce77b6df2e1a839220beaefea6109b9bb4dba1a1dc86f85610,21268216,1732579367,0x0000403772894446aa9df0823ff4d5272d940000,0x000037bb05b2cef17c6469f4bcdb198826ce0000,0.000724452392077792,,,call,9527,55,0
0x4778320f903453c098ea556a8a5a35bee9c1445e42552ccd312af848e6500e3e,21268369,1732581203,0x0000403772894446aa9df0823ff4d5272d940000,0x000037bb05b2cef17c6469f4bcdb198826ce0000,0.028201921567498695,,,call,9527,55,0
0x2c7b8e6773d3a6589cd352ef1dc4ef29c06a06b0303b011b47fb6d96e6f5144c,21268431,1732581959,0x0000403772894446aa9df0823ff4d5272d940000,0x000037bb05b2cef17c6469f4bcdb198826ce0000,0.01849817168036592,,,call,32093,55,0
0x7d528b418ba7d2d50ed96e8640746f520ab2468824d51856e8fddf815ef8eee7,21268440,1732582067,0x0000403772894446aa9df0823ff4d5272d940000,0x000037bb05b2cef17c6469f4bcdb198826ce0000,0.000575625728528056,,,call,9527,55,0
0xab83051b95c0828b10e7560bda06fcb466a2fbb50b13cef8dd78694c2a802129,21268457,1732582271,0x0000403772894446aa9df0823ff4d5272d940000,0x000037bb05b2cef17c6469f4bcdb198826ce0000,0.000762873859270415,,,call,32093,55,0
0xc7c41ea7b196912df2575ff52f6b750949c277f971ba1883fca5f5734b62ef5a,21268542,1732583315,0x0000403772894446aa9df0823ff4d5272d940000,0x000037bb05b2cef17c6469f4bcdb198826ce0000,0.019710419652902766,,,call,32093,55,0
0x716f2890e7d0dc05747aeec8dbbe4de9f43efffb4fa08c9c1bf7e2d6ef9013b0,21268599,1732584011,0x0000403772894446aa9df0823ff4d5272d940000,0x000037bb05b2cef17c6469f4bcdb198826ce0000,0.1024611725439119,,,call,32093,55,0
0xeeccd641e233e0d2d3994c3b7c5d54b5f5c2479882a255283b81a12ec1b84a78,21268791,1732586315,0x0000403772894446aa9df0823ff4d5272d940000,0x000037bb05b2cef17c6469f4bcdb198826ce0000,0.05300105129440003,,,call,16636,55,0
0x07f30605842eaba2054b937292e9e9b424cb30adf9c17b925b7f26b776f3d57e,21268896,1732587575,0x0000403772894446aa9df0823ff4d5272d940000,0x000037bb05b2cef17c6469f4bcdb198826ce0000,0.000616436636659054,,,call,32093,55,0
0x435191960b812a301ff490f904dcc81a93b646c4a9b8d8408992e75d7be01a91,21268960,1732588343,0x0000403772894446aa9df0823ff4d5272d940000,0x000037bb05b2cef17c6469f4bcdb198826ce0000,0.11428724443154956,,,call,32093,55,0
0xebf92bf06f7a1b006238c7f13be0b17a98a812c62826d035364ca5b59165714c,21269007,1732588907,0x0000403772894446aa9df0823ff4d5272d940000,0x000037bb05b2cef17c6469f4bcdb198826ce0000,0.05741379345485639,,,call,32093,55,0
0x84160ef316a6f8bcd5e44a565d771483e30225d67bc9fd90c9591c8d41d8b11d,21269099,1732590011,0x0000403772894446aa9df0823ff4d5272d940000,0x000037bb05b2cef17c6469f4bcdb198826ce0000,0.001141303562873508,,,call,32093,55,0
0xd5fb27a3041ea50aa8c5a49d0be1c0ee45a210b0c3d952b26c8a061bab8a5c15,21269128,1732590371,0x0000403772894446aa9df0823ff4d5272d940000,0x000037bb05b2cef17c6469f4bcdb198826ce0000,0.004306512491649764,,,call,32093,55,0
0x87850dd90d2e8763d9243820884c1867d13e2fe92eda29576ba72fb9d4d22009,21269258,1732591943,0x0000403772894446aa9df0823ff4d5272d940000,0x000037bb05b2cef17c6469f4bcdb198826ce0000,0.02686359384481072,,,call,32093,55,0
0x5e2685d3624970f48b34b2faa3512746fffd91452ae0038ac002924cbdb7848d,21269307,1732592543,0x0000403772894446aa9df0823ff4d5272d940000,0x000037bb05b2cef17c6469f4bcdb198826ce0000,0.0001492396352878,,,call,9527,55,0
0x0e7e6c90a04831fef738f0cf07e70ff51ee3d80c0f3e6691c79302d25f702089,21269545,1732595399,0x0000403772894446aa9df0823ff4d5272d940000,0x000037bb05b2cef17c6469f4bcdb198826ce0000,0.007757857086454593,,,call,9527,55,0
0x97a544add213fe6d7985eab07aa82045dce10070b2072abd7d2cdd071ae52c5d,21269600,1732596059,0x0000403772894446aa9df0823ff4d5272d940000,0x000037bb05b2cef17c6469f4bcdb198826ce0000,0.002224376067634294,,,call,9527,55,0
0x5a25843552aab97abda9f98ef7e2c7489548df4b1e201fe3c953b4887881a94b,21269651,1732596683,0x0000403772894446aa9df0823ff4d5272d940000,0x000037bb05b2cef17c6469f4bcdb198826ce0000,0.010087009954206676,,,call,32093,55,0
0x4e041a5ff066ff8b209fde166feb736748f23b6e812dfc22c3ffffd65e7c2ae8,21269686,1732597103,0x0000403772894446aa9df0823ff4d5272d940000,0x000037bb05b2cef17c6469f4bcdb198826ce0000,0.003588306387358286,,,call,32093,55,0
0x138ace04fdc7a0ae53940aae97125e43a78330e94b86df66ec0b1741d4215345,21269711,1732597403,0x0000403772894446aa9df0823ff4d5272d940000,0x000037bb05b2cef17c6469f4bcdb198826ce0000,0.002170292828366021,,,call,102690,55,0
0x2bb9e0d2998b576e0dcd59bc4905a99eddbda8f1e349adfb1c5fdd4ae0d38e6f,21269716,1732597463,0x0000403772894446aa9df0823ff4d5272d940000,0x000037bb05b2cef17c6469f4bcdb198826ce0000,0.000269810793807222,,,call,32093,55,0
0xe9b169c95b7975be15628952e592e8cf7c696382c57231f573c744d9fd326368,21269858,1732599179,0x0000403772894446aa9df0823ff4d5272d940000,0x000037bb05b2cef17c6469f4bcdb198826ce0000,0.024382113227249255,,,call,32093,55,0
0xe6b3791e406202ddff7ef1b1b50596e272732e9368e9476702c7b2a2d964ad72,21269918,1732599899,0x0000403772894446aa9df0823ff4d5272d940000,0x000037bb05b2cef17c6469f4bcdb198826ce0000,0.000265198367654918,,,call,32093,55,0
0x19e077019584a1da0abda042d8c4c20154a80db875978e4c1793bcf9ddd7a4c7,21270012,1732601027,0x0000403772894446aa9df0823ff4d5272d940000,0x000037bb05b2cef17c6469f4bcdb198826ce0000,0.0036558581811018,,,call,32093,55,0
0xd8a2710e4e3aeed565809f234904dd6a383468637001e9edd9ec7b6f1af21868,21270012,1732601027,0x0000403772894446aa9df0823ff4d5272d940000,0x000037bb05b2cef17c6469f4bcdb198826ce0000,3.0877682614864e-05,,,call,32093,55,0
0x8ca6197393cf8647195be5b8d2f0276712b43e0908694ccc1c21cf454cd4dade,21270321,1732604759,0x0000403772894446aa9df0823ff4d5272d940000,0x000037bb05b2cef17c6469f4bcdb198826ce0000,0.002281170027674586,,,call,32093,55,0
0xf325d7cc35604a7088ca8dce437212339dbebf3c9e8c1a5b4be73e23397323c9,21270362,1732605263,0x0000403772894446aa9df0823ff4d5272d940000,0x000037bb05b2cef17c6469f4bcdb198826ce0000,0.003561254657770506,,,call,32093,55,0
0xde72a734f6b7b368b82dcade4bdc67a985f1ad2603cc086f47e9b8bd32eb6844,21270407,1732605803,0x0000403772894446aa9df0823ff4d5272d940000,0x000037bb05b2cef17c6469f4bcdb198826ce0000,0.000238057917195199,,,call,32093,55,0
0x1147e8e3c3286055bf5dea8784a28f46125bf58c659cf9d4fcc0664b640ee916,21271100,1732614179,0x0000403772894446aa9df0823ff4d5272d940000,0x000037bb05b2cef17c6469f4bcdb198826ce0000,0.001776932900761414,,,call,32093,55,0
0x494f550484088b2a8df9856cda098a63788dd8ddbe42b298dbfa9459f34d3aa3,21271103,1732614215,0x0000403772894446aa9df0823ff4d5272d940000,0x000037bb05b2cef17c6469f4bcdb198826ce0000,0.004494634900761414,,,call,32093,55,0
0x37b4af4b1ec493c9ddc838a19c9f34828f7e923ac9448f1b375cca0b3cda406c,21271245,1732615919,0x0000403772894446aa9df0823ff4d5272d940000,0x000037bb05b2cef17c6469f4bcdb198826ce0000,0.11399205707403498,,,call,32093,55,0
0xd90750b9d358900faf58ba6f6cd918fb512e6d0c69d8ecfd80c5bea455dde3fd,21271266,1732616171,0x0000403772894446aa9df0823ff4d5272d940000,0x000037bb05b2cef17c6469f4bcdb198826ce0000,0.002542940720561064,,,call,32093,55,0
0x196e4b8c284f6f31a9f23f7513646ff5d1d98e1ef34c4937659437c7151030dc,21271314,1732616747,0x0000403772894446aa9df0823ff4d5272d940000,0x000037bb05b2cef17c6469f4bcdb198826ce0000,0.001859417011099952,,,call,32093,55,0
0x97b48ebb7a8fbdce126c253b361163a76a67fcfed81bd76ab83043fd92fd7359,21271352,1732617203,0x0000403772894446aa9df0823ff4d5272d940000,0x000037bb05b2cef17c6469f4bcdb198826ce0000,0.001496014949527923,,,call,32093,55,0
0x20b78a669c7c34b02d51e92a2f098b60966f7673f3a2cba9239d67913e5d50b8,21271389,1732617659,0x0000403772894446aa9df0823ff4d5272d940000,0x000037bb05b2cef17c6469f4bcdb198826ce0000,0.003975827696352387,,,call,32093,55,0
0xbcb249be33b47dd1a82ccebb1d9a868cf522351f930d066e986c2310e2cc4ef5,21271488,1732618847,0x0000403772894446aa9df0823ff4d5272d940000,0x000037bb05b2cef17c6469f4bcdb198826ce0000,0.008222749436410553,,,call,32093,55,0
0x313c8b70f4c17ee0de2f281a10ffb7f7da8cd2ae4a1364e793410022127ba6f8,21271568,1732619819,0x0000403772894446aa9df0823ff4d5272d940000,0x000037bb05b2cef17c6469f4bcdb198826ce0000,0.018831343658286728,,,call,32093,55,0
0xa90225d9b3fdc70a20346fdd44b6b6cb2713247db5a3f144403c6f92d4a689a2,21271606,1732620287,0x0000403772894446aa9df0823ff4d5272d940000,0x000037bb05b2cef17c6469f4bcdb198826ce0000,0.02023281860881064,,,call,32093,55,0
0xa431b3529829c8da21f816c0ac8181fd0ee121b5bcf48ff21bc8fcf8e1789e6a,21271613,1732620371,0x0000403772894446aa9df0823ff4d5272d940000,0x000037bb05b2cef17c6469f4bcdb198826ce0000,0.12677423511859628,,,call,32093,55,0
0x5430ed72ef95eff6bd59970b4ec410de1e466774891474e10714df282ef49c5f,21271629,1732620563,0x0000403772894446aa9df0823ff4d5272d940000,0x000037bb05b2cef17c6469f4bcdb198826ce0000,0.002059422524664015,,,call,16636,55,0
0xd0a866d6368e7546e2b0b9007464eef29f5dd3cb031e78eff772accf09881020,21271644,1732620743,0x0000403772894446aa9df0823ff4d5272d940000,0x000037bb05b2cef17c6469f4bcdb198826ce0000,0.001529844052379871,,,call,32093,55,0
0x737444cbe30d7864be1074d19abb6a507a3b3ade7a387e7d157a3df48d21394a,21271721,1732621679,0x0000403772894446aa9df0823ff4d5272d940000,0x000037bb05b2cef17c6469f4bcdb198826ce0000,0.001985131520104223,,,call,32093,55,0
0xa1d5abaa2d480c641aba137bfab5e884cd8fa61cd774724d422b7a85206994bd,21271750,1732622027,0x0000403772894446aa9df0823ff4d5272d940000,0x000037bb05b2cef17c6469f4bcdb198826ce0000,0.011391516267060316,,,call,32093,55,0
0x223c54ad89baa4791bf298d0ec823ec3513f63bebae4dd3bbe8dd1cdd46df6d9,21271804,1732622675,0x0000403772894446aa9df0823ff4d5272d940000,0x000037bb05b2cef17c6469f4bcdb198826ce0000,0.003009510051764,,,call,12356,55,0
0xfd24288dcbedf6b238243f3b03d30b56aa46b823a0a8b5633f7eb48b7be1d86c,21272158,1732626947,0x0000403772894446aa9df0823ff4d5272d940000,0x000037bb05b2cef17c6469f4bcdb198826ce0000,0.056016769514721405,,,call,32093,55,0
0xed2e5ea1473b03eee57763ac193718c8ecbc6ca97501a0ab4d4f456879ddd39f,21272256,1732628135,0x0000403772894446aa9df0823ff4d5272d940000,0x000037bb05b2cef17c6469f4bcdb198826ce0000,0.002784167255472631,,,call,32093,55,0
0x865ba8368278f425c4168356d5d4eba1041a807bac6fe0e066463506a56edf13,21272351,1732629287,0x0000403772894446aa9df0823ff4d5272d940000,0x000037bb05b2cef17c6469f4bcdb198826ce0000,0.016154547918479156,,,call,9527,55,0
0xbf3f929102030f96bf8be9fb484ec1af5900bea292cedaebe3c453b3600497a5,21272528,1732631411,0x0000403772894446aa9df0823ff4d5272d940000,0x000037bb05b2cef17c6469f4bcdb198826ce0000,0.11259727600151707,,,call,32093,55,0
0x9abdfb93eb811cdcfbee7f10ebfac3081413bfff631c91392d6108f07992e60f,21272532,1732631459,0x0000403772894446aa9df0823ff4d5272d940000,0x000037bb05b2cef17c6469f4bcdb198826ce0000,0.000742286354325883,,,call,32093,55,0
0x5ffca0befbba4be7aa3ab6fefd53e98a9af00bc72eae7dd902a84968afbd16be,21272603,1732632311,0x0000403772894446aa9df0823ff4d5272d940000,0x000037bb05b2cef17c6469f4bcdb198826ce0000,0.000548109012179992,,,call,9527,55,0
0x1ee977776b56484d8250e38f5b6658547361c659d508de8d56c806ef2cba4a1e,21272731,1732633859,0x0000403772894446aa9df0823ff4d5272d940000,0x000037bb05b2cef17c6469f4bcdb198826ce0000,0.003507284324826082,,,call,32093,55,0
0x23a667a627141a6588b75c8f791e36b6385bd2f28b5d48ebdb1c067f3cb9fc5a,21272781,1732634459,0x0000403772894446aa9df0823ff4d5272d940000,0x000037bb05b2cef17c6469f4bcdb198826ce0000,0.001402119239098434,,,call,32093,55,0
0x825d2e93dcdb72114d09b3b62b75dae151a24ce758964996b4cd2f4b53354e59,21272784,1732634495,0x0000403772894446aa9df0823ff4d5272d940000,0x000037bb05b2cef17c6469f4bcdb198826ce0000,0.005027854278751633,,,call,32093,55,0
0x29ffaa7f3c9045a214631c9550b5b67c48378e88e34a564a17bc42ad1d28b4fb,21272785,1732634507,0x0000403772894446aa9df0823ff4d5272d940000,0x000037bb05b2cef17c6469f4bcdb198826ce0000,0.004455108179711329,,,call,32093,55,0
0xa3db0465703b033f2fd2b85a3eead98a5eda1a8dad9494cb61fefe07ab6b0599,21272836,1732635119,0x0000403772894446aa9df0823ff4d5272d940000,0x000037bb05b2cef17c6469f4bcdb198826ce0000,0.027353055208351653,,,call,32093,55,0
0x86e7e3cda1011cb78744600cceb1735eba9ca0600635767ceb0b2fca62113948,21272843,1732635203,0x0000403772894446aa9df0823ff4d5272d940000,0x000037bb05b2cef17c6469f4bcdb198826ce0000,0.006109305084762566,,,call,32093,55,0
0x0b827b604c911dbb4b53f3939c1df22f30b2f0b7511ac3ef8fd04b3657b23564,21272866,1732635479,0x0000403772894446aa9df0823ff4d5272d940000,0x000037bb05b2cef17c6469f4bcdb198826ce0000,0.0100988918198792,,,call,9527,55,0
0xbc21fa2373a15a18b5cc6ca5654f0898564dc12724d9c5a78b666d342015f02c,21273543,1732643615,0x0000403772894446aa9df0823ff4d5272d940000,0x000037bb05b2cef17c6469f4bcdb198826ce0000,0.002520427309053509,,,call,32093,55,0
0x7d86b1511d750dbfa332a5e834565818a6c6f5ef0e1205a25f4b31458a672096,21535043,1735799903,0x0000403772894446aa9df0823ff4d5272d940000,0x000037bb05b2cef17c6469f4bcdb198826ce0000,0.059540240650712256,,,call,32093,55,0
