txHash,blockNumber,timeStamp,nonce,from,contractAddress,to,value,tokenName,tokenSymbol,tokenDecimal,transactionIndex,gas,gasPrice,gasUsed,cumulativeGasUsed,input,methodId,functionName
0x9b9a1fb106a84283d6e204ee6893548f5a03741cc3fd04d682a3526d0c0f4393,20993987,1729273055,30,0x48948cb9e4da6cf308ea7894e89fdeb7dea4d0e7,0xdac17f958d2ee523a2206206994597c13d831ec7,0x000026b7c7cf73d01b42bf21d99b14d09abe0000,154.698511,Tether USD,USDT,6,14,126322,28664109915,58361,2498231,deprecated,0xa9059cbb,"transfer(address _to, uint256 _value)"
0xed8c49789ae787d7cb112373797d3a4ee9259c3f84b587ec5a5094b0ef2d686f,20993988,1729273067,91750,0x000026b7c7cf73d01b42bf21d99b14d09abe0000,0xdac17f958d2ee523a2206206994597c13d831ec7,0xaa862f977d6916a1e89e856fc11fd99a2f2fabf8,21.657791,Tether USD,USDT,6,8,383864,27960387167,105745,4776889,deprecated,0xcaa5c23f,multicall(tuple[] calls)
0xed8c49789ae787d7cb112373797d3a4ee9259c3f84b587ec5a5094b0ef2d686f,20993988,1729273067,91750,0x000026b7c7cf73d01b42bf21d99b14d09abe0000,0xdac17f958d2ee523a2206206994597c13d831ec7,0x17a6ea3aa0c65d6a35b8608396d2c30fc9baaf22,133.04072,Tether USD,USDT,6,8,383864,27960387167,105745,4776889,deprecated,0xcaa5c23f,multicall(tuple[] calls)
0xe4e6e8a3f0f223a2bfbd018cee7bb53725f35a2f3be84c6e6ad032f02c3ca059,20993997,1729273175,105,0x7250e99a6865170d4b80c37e818debb757c41e2a,0xebb66a88cedd12bfe3a289df6dfee377f2963f12,0x000026b7c7cf73d01b42bf21d99b14d09abe0000,744548.922388755,Oscar,OSCAR,9,16,316052,27960387167,74213,1604835,deprecated,0xa9059cbb,"transfer(address _to, uint256 _value)"
0x42964df2445a4b9d4ce891573e8386ccb3d521021c9a77fdd0c7302826536614,20993998,1729273187,91751,0x000026b7c7cf73d01b42bf21d99b14d09abe0000,0xebb66a88cedd12bfe3a289df6dfee377f2963f12,0xaa862f977d6916a1e89e856fc11fd99a2f2fabf8,104236.849134425,Oscar,OSCAR,9,17,447676,25399714914,129584,9880542,deprecated,0xcaa5c23f,multicall(tuple[] calls)
0x42964df2445a4b9d4ce891573e8386ccb3d521021c9a77fdd0c7302826536614,20993998,1729273187,91751,0x000026b7c7cf73d01b42bf21d99b14d09abe0000,0xebb66a88cedd12bfe3a289df6dfee377f2963f12,0x17a6ea3aa0c65d6a35b8608396d2c30fc9baaf22,640312.07325433,Oscar,OSCAR,9,17,447676,25399714914,129584,9880542,deprecated,0xcaa5c23f,multicall(tuple[] calls)
0x9b09b6521f8d1d13767eb00ca78da21230bc8fa531e1b5d553d1aea1540ed62b,20993998,1729273187,106,0x7250e99a6865170d4b80c37e818debb757c41e2a,0xe0f63a424a4439cbe457d80e4f4b51ad25b2c56c,0x000026b7c7cf73d01b42bf21d99b14d09abe0000,3204.63271406,SPX6900,SPX,8,22,300128,27960387167,70232,10731036,deprecated,0xa9059cbb,"transfer(address _to, uint256 _value)"
0x22e7b79b74d0751573a116b79da4d76428776aee6521779f82f858186ed38fde,20994000,1729273211,91752,0x000026b7c7cf73d01b42bf21d99b14d09abe0000,0xe0f63a424a4439cbe457d80e4f4b51ad25b2c56c,0xaa862f977d6916a1e89e856fc11fd99a2f2fabf8,448.64857996,SPX6900,SPX,8,20,363304,25399714914,106534,6368824,deprecated,0xcaa5c23f,multicall(tuple[] calls)
0x22e7b79b74d0751573a116b79da4d76428776aee6521779f82f858186ed38fde,20994000,1729273211,91752,0x000026b7c7cf73d01b42bf21d99b14d09abe0000,0xe0f63a424a4439cbe457d80e4f4b51ad25b2c56c,0x17a6ea3aa0c65d6a35b8608396d2c30fc9baaf22,2755.9841341,SPX6900,SPX,8,20,363304,25399714914,106534,6368824,deprecated,0xcaa5c23f,multicall(tuple[] calls)
0xbb8cc7dd4d7963136771993a163d3baa0ef47815d361b4ee05ee454fcbe3ff16,20994446,1729278575,56,0x81849b86892654edaa49f9b9efa81a1932822676,0x1d4fb9bfa1967be6ca74819e28b98c2aa5ae8b59,0x000026b7c7cf73d01b42bf21d99b14d09abe0000,3194516.988447393,Neirei,NEIREI,9,56,84441,17241694188,68243,10079094,deprecated,0xa9059cbb,"transfer(address _to, uint256 _value)"
0xdacf17bf4ca049495fe1acd10b340843ca0ba8886e4167124af1ebf43315fd68,20994447,1729278587,91758,0x000026b7c7cf73d01b42bf21d99b14d09abe0000,0x1d4fb9bfa1967be6ca74819e28b98c2aa5ae8b59,0xaa862f977d6916a1e89e856fc11fd99a2f2fabf8,638903.397689478,Neirei,NEIREI,9,72,423844,20587258863,121656,10297732,deprecated,0xcaa5c23f,multicall(tuple[] calls)
0xdacf17bf4ca049495fe1acd10b340843ca0ba8886e4167124af1ebf43315fd68,20994447,1729278587,91758,0x000026b7c7cf73d01b42bf21d99b14d09abe0000,0x1d4fb9bfa1967be6ca74819e28b98c2aa5ae8b59,0xab9cebfc198ad45591ffd7664c3c29ea2bfc372f,2555613.590757915,Neirei,NEIREI,9,72,423844,20587258863,121656,10297732,deprecated,0xcaa5c23f,multicall(tuple[] calls)
0x2c457cbd72f361ac757795e97a7f987de23faf1b8ab3f71347b25ffb3a0120cf,20994674,1729281323,0,0x86421d22515fbc861d563faf70fbfe4722a9faa2,0xdac17f958d2ee523a2206206994597c13d831ec7,0x000026b7c7cf73d01b42bf21d99b14d09abe0000,119.11,Tether USD,USDT,6,18,126322,18769533945,58361,4231996,deprecated,0xa9059cbb,"transfer(address _to, uint256 _value)"
0x810d919a45b948acecd2b4f63363012f20dd7a8c2c472e4615e1c6f8a40afb38,20994675,1729281335,91761,0x000026b7c7cf73d01b42bf21d99b14d09abe0000,0xdac17f958d2ee523a2206206994597c13d831ec7,0xaa862f977d6916a1e89e856fc11fd99a2f2fabf8,16.6754,Tether USD,USDT,6,355,305332,18238586621,71533,18498937,deprecated,0xcaa5c23f,multicall(tuple[] calls)
0x810d919a45b948acecd2b4f63363012f20dd7a8c2c472e4615e1c6f8a40afb38,20994675,1729281335,91761,0x000026b7c7cf73d01b42bf21d99b14d09abe0000,0xdac17f958d2ee523a2206206994597c13d831ec7,0x17a6ea3aa0c65d6a35b8608396d2c30fc9baaf22,102.4346,Tether USD,USDT,6,355,305332,18238586621,71533,18498937,deprecated,0xcaa5c23f,multicall(tuple[] calls)
0xaeace9198b1fe61722e95dac9b14c15171ecd9d8c79cb1387bcd4fc2b0eae031,20995887,1729295939,7,0x2bf03f3a6a47726f7b9043703027b31b294a8c1f,0x8be3460a480c80728a8c4d7a5d5303c85ba7b3b9,0x000026b7c7cf73d01b42bf21d99b14d09abe0000,727.7579683600001,Staked ENA,sENA,18,8,127402,10615671150,58393,1496036,deprecated,0xa9059cbb,"transfer(address _to, uint256 _value)"
0xe10dada29df5aa5beee1c9444dfbf127f65b232960c1e79be525d4c7982765df,20995888,1729295951,91788,0x000026b7c7cf73d01b42bf21d99b14d09abe0000,0x8be3460a480c80728a8c4d7a5d5303c85ba7b3b9,0xaa862f977d6916a1e89e856fc11fd99a2f2fabf8,109.16369525399999,Staked ENA,sENA,18,10,423252,11668914057,121818,1914179,deprecated,0xcaa5c23f,multicall(tuple[] calls)
0xe10dada29df5aa5beee1c9444dfbf127f65b232960c1e79be525d4c7982765df,20995888,1729295951,91788,0x000026b7c7cf73d01b42bf21d99b14d09abe0000,0x8be3460a480c80728a8c4d7a5d5303c85ba7b3b9,0x4a741b9ab15fce315cc046f32ac5cc53ef77551a,451.57381936738,Staked ENA,sENA,18,10,423252,11668914057,121818,1914179,deprecated,0xcaa5c23f,multicall(tuple[] calls)
0xe10dada29df5aa5beee1c9444dfbf127f65b232960c1e79be525d4c7982765df,20995888,1729295951,91788,0x000026b7c7cf73d01b42bf21d99b14d09abe0000,0x8be3460a480c80728a8c4d7a5d5303c85ba7b3b9,0x51d56230b7631176a082ac6023eca511b685d945,167.02045373862,Staked ENA,sENA,18,10,423252,11668914057,121818,1914179,deprecated,0xcaa5c23f,multicall(tuple[] calls)
0xdc8ef0a8da896541a4404fa5c522e7bcc0b5db57b889944ed189ea5aab18b10c,21065780,1730138411,44,0x28cd1c0d6a858dbf5630a6c45802cd9e7d4efff4,0x96a5399d07896f757bd4c6ef56461f58db951862,0x000026b7c7cf73d01b42bf21d99b14d09abe0000,26131569.623385374,DragonX,DRAGONX,18,51,103356,21771426323,46878,5980100,deprecated,0xa9059cbb,"transfer(address _to, uint256 _value)"
0xd78834ed5240750ac89b192252edbba96687e73e52e9565519ed7190d7306e53,21065781,1730138423,92816,0x000026b7c7cf73d01b42bf21d99b14d09abe0000,0x96a5399d07896f757bd4c6ef56461f58db951862,0x2b022b3dff934b9ff5a82ed949970b129ec555fc,3919735.4435078064,DragonX,DRAGONX,18,44,338576,20426017437,92926,8453121,deprecated,0xcaa5c23f,multicall(tuple[] calls)
0xd78834ed5240750ac89b192252edbba96687e73e52e9565519ed7190d7306e53,21065781,1730138423,92816,0x000026b7c7cf73d01b42bf21d99b14d09abe0000,0x96a5399d07896f757bd4c6ef56461f58db951862,0xa7ab055f18ed0bf218fa0be1994c26fc157dc6f1,22211834.179877568,DragonX,DRAGONX,18,44,338576,20426017437,92926,8453121,deprecated,0xcaa5c23f,multicall(tuple[] calls)
0x8415a44f47970de7675687c12f181d74d3cea2f873eadd2b20c3dc21fe8f51f6,21065809,1730138759,45,0x28cd1c0d6a858dbf5630a6c45802cd9e7d4efff4,0x66b5228cfd34d9f4d9f03188d67816286c7c0b74,0x000026b7c7cf73d01b42bf21d99b14d09abe0000,3111.4521713621884,VOLT.WIN,VOLT,18,21,103104,21771426323,46752,2093157,deprecated,0xa9059cbb,"transfer(address _to, uint256 _value)"
0xa45d82afefb4b5de8e58da679b23456f01184029f1997cf04f3f15129bcdd1bb,21066271,1730144327,5,0x8c69a15af49ff2ce450f111a2ffed9e03922b464,0x03bf48b8a1b37fbead1ecabcf15b98b924ffa5ac,0x000026b7c7cf73d01b42bf21d99b14d09abe0000,0.03258885,DefaultCollateral_Rocket Pool ETH,DC_rETH,18,27,109556,22048212870,49537,5160215,deprecated,0xa9059cbb,"transfer(address _to, uint256 _value)"
0xf12366c047d62b9b3f54ef3c2bbaaf6a710821168576d71e298c9d52011753a0,21066272,1730144339,92820,0x000026b7c7cf73d01b42bf21d99b14d09abe0000,0x03bf48b8a1b37fbead1ecabcf15b98b924ffa5ac,0x2b022b3dff934b9ff5a82ed949970b129ec555fc,0.0048883275,DefaultCollateral_Rocket Pool ETH,DC_rETH,18,6,328752,20785138046,95744,407493,deprecated,0xcaa5c23f,multicall(tuple[] calls)
0xf12366c047d62b9b3f54ef3c2bbaaf6a710821168576d71e298c9d52011753a0,21066272,1730144339,92820,0x000026b7c7cf73d01b42bf21d99b14d09abe0000,0x03bf48b8a1b37fbead1ecabcf15b98b924ffa5ac,0xa7ab055f18ed0bf218fa0be1994c26fc157dc6f1,0.0277005225,DefaultCollateral_Rocket Pool ETH,DC_rETH,18,6,328752,20785138046,95744,407493,deprecated,0xcaa5c23f,multicall(tuple[] calls)
0xda3b25d66a8573090d0c294aa2b499f17319fac654f7767c8e00ba31ea79e03f,21068385,1730169827,21,0x7f993d4164e80d9390e1e9e9ca74c0c991d81844,0x1258d60b224c0c5cd888d37bbf31aa5fcfb7e870,0x000026b7c7cf73d01b42bf21d99b14d09abe0000,4864.14525211432,NodeAI,GPU,18,81,68771,17462624721,54751,9975243,deprecated,0xa9059cbb,"transfer(address _to, uint256 _value)"
0x70cb08a9efbe2acdf688d6cfad4507438baa8cd8d34678d8ec9f5a0aff1764b8,21068386,1730169839,92830,0x000026b7c7cf73d01b42bf21d99b14d09abe0000,0x1258d60b224c0c5cd888d37bbf31aa5fcfb7e870,0x2b022b3dff934b9ff5a82ed949970b129ec555fc,851.2254191200061,NodeAI,GPU,18,17,369924,23731788503,102648,5204494,deprecated,0xcaa5c23f,multicall(tuple[] calls)
0x70cb08a9efbe2acdf688d6cfad4507438baa8cd8d34678d8ec9f5a0aff1764b8,21068386,1730169839,92830,0x000026b7c7cf73d01b42bf21d99b14d09abe0000,0x1258d60b224c0c5cd888d37bbf31aa5fcfb7e870,0x71e5819235b89e5e05820ba28248116812231d07,4012.919832994314,NodeAI,GPU,18,17,369924,23731788503,102648,5204494,deprecated,0xcaa5c23f,multicall(tuple[] calls)
0x04fa3230db3a4e00f06cac82c62ee1781d7563ec97b0324bd42e6678cb8587d7,21070321,1730193203,5,0xb94a9cd5cb395a619a5370bc1e3d201db9d5c436,0x6e79b51959cf968d87826592f46f819f92466615,0x000026b7c7cf73d01b42bf21d99b14d09abe0000,40532039.558961056,Hoppy,HOPPY,9,7,275376,14287030418,64044,1168035,deprecated,0xa9059cbb,"transfer(address _to, uint256 _value)"
0x97703456dd9b2d6dcb1a8e5097dd29e7a72d0219fefec1f9f76ea2a906a985c0,21070324,1730193239,6,0xb94a9cd5cb395a619a5370bc1e3d201db9d5c436,0xd12a99dbc40036cec6f1b776dccd2d36f5953b94,0x000026b7c7cf73d01b42bf21d99b14d09abe0000,55345204429.7,Draggy,DRAGGY,9,6,153014,14287030418,71707,976559,deprecated,0xa9059cbb,"transfer(address _to, uint256 _value)"
0x0569cbb3d2bda4344bf875624c1ce53cc9fbb98aaba48f5e1d92373c6f159f7f,21070598,1730196527,41,0x2bd0edce4535bbbb705f18ba7898158250647ef9,0xaaee1a9723aadb7afa2810263653a34ba2c21c7a,0x000026b7c7cf73d01b42bf21d99b14d09abe0000,1000000000.0,Mog Coin,Mog,18,243,112357,10581030808,92280,10067453,deprecated,0xa9059cbb,"transfer(address _to, uint256 _value)"
0x08786aadd4307ad03558507909e84c61de50357475df9c8fbaa7a12103bfc9a1,21070599,1730196539,92839,0x000026b7c7cf73d01b42bf21d99b14d09abe0000,0xaaee1a9723aadb7afa2810263653a34ba2c21c7a,0xaaee1a9723aadb7afa2810263653a34ba2c21c7a,0.0,Mog Coin,Mog,18,3,520184,12504437045,153718,249253,deprecated,0xcaa5c23f,multicall(tuple[] calls)
0x08786aadd4307ad03558507909e84c61de50357475df9c8fbaa7a12103bfc9a1,21070599,1730196539,92839,0x000026b7c7cf73d01b42bf21d99b14d09abe0000,0xaaee1a9723aadb7afa2810263653a34ba2c21c7a,0x2b022b3dff934b9ff5a82ed949970b129ec555fc,175000000.0,Mog Coin,Mog,18,3,520184,12504437045,153718,249253,deprecated,0xcaa5c23f,multicall(tuple[] calls)
0x08786aadd4307ad03558507909e84c61de50357475df9c8fbaa7a12103bfc9a1,21070599,1730196539,92839,0x000026b7c7cf73d01b42bf21d99b14d09abe0000,0xaaee1a9723aadb7afa2810263653a34ba2c21c7a,0xaaee1a9723aadb7afa2810263653a34ba2c21c7a,0.0,Mog Coin,Mog,18,3,520184,12504437045,153718,249253,deprecated,0xcaa5c23f,multicall(tuple[] calls)
0x08786aadd4307ad03558507909e84c61de50357475df9c8fbaa7a12103bfc9a1,21070599,1730196539,92839,0x000026b7c7cf73d01b42bf21d99b14d09abe0000,0xaaee1a9723aadb7afa2810263653a34ba2c21c7a,0x6b93c9c186b7b6f7e071e60d91dbfb1e7bfe5c87,825000000.0,Mog Coin,Mog,18,3,520184,12504437045,153718,249253,deprecated,0xcaa5c23f,multicall(tuple[] calls)
0x0a37a96342e0240f6af8db558044d38a0721d35d0bf26ff18a2ecb02f80735f7,21070636,1730196983,51,0x074be8085ce28384295fbc1fac3300cb58001d50,0xa9049425b938c46ac3e312d4cdaeccb26282aeb2,0x000026b7c7cf73d01b42bf21d99b14d09abe0000,4759.768784487687,Wicked Bet,WIK,18,16,149640,11396493146,70020,3069347,deprecated,0xa9059cbb,"transfer(address _to, uint256 _value)"
0xbdd1ec5d215c07f1f75194adaa2825311a6565549390c128e176175e4888f57b,21070639,1730197019,92840,0x000026b7c7cf73d01b42bf21d99b14d09abe0000,0xa9049425b938c46ac3e312d4cdaeccb26282aeb2,0x2b022b3dff934b9ff5a82ed949970b129ec555fc,710.3954910847874,Wicked Bet,WIK,18,12,431000,11482244780,124386,2690206,deprecated,0xcaa5c23f,multicall(tuple[] calls)
0xbdd1ec5d215c07f1f75194adaa2825311a6565549390c128e176175e4888f57b,21070639,1730197019,92840,0x000026b7c7cf73d01b42bf21d99b14d09abe0000,0xa9049425b938c46ac3e312d4cdaeccb26282aeb2,0xa7ab055f18ed0bf218fa0be1994c26fc157dc6f1,4025.5744494804617,Wicked Bet,WIK,18,12,431000,11482244780,124386,2690206,deprecated,0xcaa5c23f,multicall(tuple[] calls)
0x3acd8faa6a6c1c005e2a0c340f510e5f5d14eee444f56cb47c7377b85862020c,21070911,1730200295,14,0x6ccd708c92112bb603ed5fa2684a7c0937528932,0xde342a3e269056fc3305f9e315f4c40d917ba521,0x000026b7c7cf73d01b42bf21d99b14d09abe0000,5747071.339728813,Byte,BYTE,9,114,168666,8343558178,79533,7945062,deprecated,0xa9059cbb,"transfer(address _to, uint256 _value)"
0xf2ed2d461a55775b62d1f42d977120c450c3768d275274d7a7f03446dde38cd2,21070912,1730200307,92843,0x000026b7c7cf73d01b42bf21d99b14d09abe0000,0xde342a3e269056fc3305f9e315f4c40d917ba521,0x2b022b3dff934b9ff5a82ed949970b129ec555fc,862060.700959321,Byte,BYTE,9,14,469004,11958913553,136236,7493215,deprecated,0xcaa5c23f,multicall(tuple[] calls)
0xf2ed2d461a55775b62d1f42d977120c450c3768d275274d7a7f03446dde38cd2,21070912,1730200307,92843,0x000026b7c7cf73d01b42bf21d99b14d09abe0000,0xde342a3e269056fc3305f9e315f4c40d917ba521,0x529096c3065d8a82355bc358e0f2af764c337a20,4885010.638769492,Byte,BYTE,9,14,469004,11958913553,136236,7493215,deprecated,0xcaa5c23f,multicall(tuple[] calls)
0x637f4199aef78cadeee2612bd555d14b74d3bcb4ab090bd686e996c7a9238c64,21071434,1730206631,33,0x97b40ce2972773b808358c38b0aa26e6163ddf7b,0xdac17f958d2ee523a2206206994597c13d831ec7,0x000026b7c7cf73d01b42bf21d99b14d09abe0000,482.120891,Tether USD,USDT,6,52,126322,25874496894,58361,6695273,deprecated,0xa9059cbb,"transfer(address _to, uint256 _value)"
0xaf5eb578cad83f304a159cc120f61cbdae83ee48c8ff4e2c930baf1fe425d065,21071435,1730206643,92851,0x000026b7c7cf73d01b42bf21d99b14d09abe0000,0xdac17f958d2ee523a2206206994597c13d831ec7,0x2b022b3dff934b9ff5a82ed949970b129ec555fc,72.318133,Tether USD,USDT,6,21,383864,25874496894,105745,3982714,deprecated,0xcaa5c23f,multicall(tuple[] calls)
0xaf5eb578cad83f304a159cc120f61cbdae83ee48c8ff4e2c930baf1fe425d065,21071435,1730206643,92851,0x000026b7c7cf73d01b42bf21d99b14d09abe0000,0xdac17f958d2ee523a2206206994597c13d831ec7,0x9b3cea8760cb496985398261b82be495f9d58aa3,409.802758,Tether USD,USDT,6,21,383864,25874496894,105745,3982714,deprecated,0xcaa5c23f,multicall(tuple[] calls)
0xc1d0d7920baa773ab299d1ebf6312a7f15f83fd5eb6faf0f105ee8c49d326bfd,21071587,1730208479,6,0x6360a3d51b9978def8db5f741f5e51da0f6ee860,0xdd66781d0e9a08d4fbb5ec7bac80b691be27f21d,0x000026b7c7cf73d01b42bf21d99b14d09abe0000,886.8796180243086,AxonDAO Governance Token,AXGT,18,36,77041,16481024649,61873,6098936,deprecated,0xa9059cbb,"transfer(address _to, uint256 _value)"
0xfe339f3d4967034069a1ba39f4074e002edd4accf7788a723b40195d963e0a62,21071831,1730211419,7,0x6360a3d51b9978def8db5f741f5e51da0f6ee860,0x898843fb909e3562c82f2b96f4e3d0693af041df,0x000026b7c7cf73d01b42bf21d99b14d09abe0000,7865.030972253206,Lemonrocks,LEMON,18,33,92868,16821092813,75499,5811582,deprecated,0xa9059cbb,"transfer(address _to, uint256 _value)"
0x38d13e96c26efc70b347a8731d12ede6148ae004cf38674fe8b80eca1e1dd19c,21072138,1730215115,92860,0x000026b7c7cf73d01b42bf21d99b14d09abe0000,0x6e79b51959cf968d87826592f46f819f92466615,0x2b022b3dff934b9ff5a82ed949970b129ec555fc,40532039.558961056,Hoppy,HOPPY,9,49,205492,20871594101,81669,7587079,deprecated,0xcaa5c23f,multicall(tuple[] calls)
0x359469179e238c23042a40aee7ccea938fc6b22eeda8b675997d04b1d021d160,21072290,1730216939,8,0x1880be0defdd63f5d6c54ed6f734c4cc9b8e0222,0x9f8f72aa9304c8b593d555f12ef6589cc3a579a2,0x000026b7c7cf73d01b42bf21d99b14d09abe0000,0.22335113,Maker,MKR,18,117,108604,15664823678,49502,9784321,deprecated,0xa9059cbb,"transfer(address _to, uint256 _value)"
0xae3b72583ca395d01a8a976666803e794a5ff06c3feec3fc78f4d58c49644d01,21072291,1730216951,92862,0x000026b7c7cf73d01b42bf21d99b14d09abe0000,0x9f8f72aa9304c8b593d555f12ef6589cc3a579a2,0x2b022b3dff934b9ff5a82ed949970b129ec555fc,0.0335026695,Maker,MKR,18,13,348832,21439081691,96162,1489971,deprecated,0xcaa5c23f,multicall(tuple[] calls)
0xae3b72583ca395d01a8a976666803e794a5ff06c3feec3fc78f4d58c49644d01,21072291,1730216951,92862,0x000026b7c7cf73d01b42bf21d99b14d09abe0000,0x9f8f72aa9304c8b593d555f12ef6589cc3a579a2,0x9b3cea8760cb496985398261b82be495f9d58aa3,0.1898484605,Maker,MKR,18,13,348832,21439081691,96162,1489971,deprecated,0xcaa5c23f,multicall(tuple[] calls)
0x2d213d16cec21550d938bab56d57c5e4c55bc8a3698f50ba2c320294a6e0934f,21073052,1730226095,6,0xb9f564d04ff5e1674e5385a4026e56f6e934d3b5,0xc9bca88b04581699fab5aa276ccaff7df957cbbf,0x000026b7c7cf73d01b42bf21d99b14d09abe0000,35.32586688786484,Ethervista,VISTA,18,70,59532,17348846764,46796,14453188,deprecated,0xa9059cbb,"transfer(address _to, uint256 _value)"
0xd35dff3bda9fd00dbc6cf877edc5a509d3e5eface05cf7a0b297723d859a70c9,21073053,1730226107,92867,0x000026b7c7cf73d01b42bf21d99b14d09abe0000,0xc9bca88b04581699fab5aa276ccaff7df957cbbf,0x2b022b3dff934b9ff5a82ed949970b129ec555fc,6.182026705376346,Ethervista,VISTA,18,6,338104,20813628318,92750,1098903,deprecated,0xcaa5c23f,multicall(tuple[] calls)
0xd35dff3bda9fd00dbc6cf877edc5a509d3e5eface05cf7a0b297723d859a70c9,21073053,1730226107,92867,0x000026b7c7cf73d01b42bf21d99b14d09abe0000,0xc9bca88b04581699fab5aa276ccaff7df957cbbf,0x78705c05cac2624eb4ad6194f3f6420630e2bca4,29.14384018248849,Ethervista,VISTA,18,6,338104,20813628318,92750,1098903,deprecated,0xcaa5c23f,multicall(tuple[] calls)
0x2c74d1a9c266f8c1ca53111f3b3c31734fe64bdd87211488339d40f29c78981a,21073382,1730230067,40,0x41b7934139b4e4b4987219c30a3988aac1a78590,0x4b41a481a7a3e0396751aa49bee970b842fdaede,0x000026b7c7cf73d01b42bf21d99b14d09abe0000,140597.110787174,KYRA,KYRA,9,16,141914,26039149904,66157,2818921,deprecated,0xa9059cbb,"transfer(address _to, uint256 _value)"
0xdf6a83f7b17b1b701909ca59a1759888f952e0ad6be0baf2dd9fc43248823641,21073383,1730230079,92870,0x000026b7c7cf73d01b42bf21d99b14d09abe0000,0x4b41a481a7a3e0396751aa49bee970b842fdaede,0x2b022b3dff934b9ff5a82ed949970b129ec555fc,24604.494387755,KYRA,KYRA,9,6,415452,29956451147,119484,825451,deprecated,0xcaa5c23f,multicall(tuple[] calls)
0xdf6a83f7b17b1b701909ca59a1759888f952e0ad6be0baf2dd9fc43248823641,21073383,1730230079,92870,0x000026b7c7cf73d01b42bf21d99b14d09abe0000,0x4b41a481a7a3e0396751aa49bee970b842fdaede,0x71e5819235b89e5e05820ba28248116812231d07,115992.616399419,KYRA,KYRA,9,6,415452,29956451147,119484,825451,deprecated,0xcaa5c23f,multicall(tuple[] calls)
0x79f45f63d71489b4ee4c0efbcdba543388a7513606650c5716a2c43ccbd8095c,21073832,1730235503,88,0xf17becba8b9b397811903cd635db77594d325667,0x6e79b51959cf968d87826592f46f819f92466615,0x000026b7c7cf73d01b42bf21d99b14d09abe0000,13970920.253420496,Hoppy,HOPPY,9,33,79563,12484677276,64044,6318175,deprecated,0xa9059cbb,"transfer(address _to, uint256 _value)"
0x8d3b4914f0b3598b6127d2b50a55bc173cb3d95e171eced260a03bd560c05099,21073833,1730235515,92873,0x000026b7c7cf73d01b42bf21d99b14d09abe0000,0x6e79b51959cf968d87826592f46f819f92466615,0xdab4f7fe1083419e566b3bf9e259895202b4ed1b,11526009.209071908,Hoppy,HOPPY,9,8,407048,16279505760,115258,1074007,deprecated,0xcaa5c23f,multicall(tuple[] calls)
0x8d3b4914f0b3598b6127d2b50a55bc173cb3d95e171eced260a03bd560c05099,21073833,1730235515,92873,0x000026b7c7cf73d01b42bf21d99b14d09abe0000,0x6e79b51959cf968d87826592f46f819f92466615,0x2b022b3dff934b9ff5a82ed949970b129ec555fc,2444911.044348586,Hoppy,HOPPY,9,8,407048,16279505760,115258,1074007,deprecated,0xcaa5c23f,multicall(tuple[] calls)
0xca2b9691d7df6747d58238fc3b08bafb731544c42f16c03b60882bf72f5b385f,21076338,1730265683,121,0xdefae2c7ee2e75eb0c1aeeca19c3cc6622b4634e,0x68a47fe1cf42eba4a030a10cd4d6a1031ca3ca0a,0x000026b7c7cf73d01b42bf21d99b14d09abe0000,19.04664542,Tectum Emission Token,TET,8,95,103474,11405639546,46937,10158919,deprecated,0xa9059cbb,"transfer(address _to, uint256 _value)"
0x515bdbf6f71e0c5182a1d315f1959aeaf64cc109ed3c035bbb20e4353f8dbe35,21076339,1730265695,92887,0x000026b7c7cf73d01b42bf21d99b14d09abe0000,0x68a47fe1cf42eba4a030a10cd4d6a1031ca3ca0a,0xee24ffda526e323a7a9603a3cfb847a64a79b76c,1.14279872,Tectum Emission Token,TET,8,12,452452,17909066858,121538,2465134,deprecated,0xcaa5c23f,multicall(tuple[] calls)
0x515bdbf6f71e0c5182a1d315f1959aeaf64cc109ed3c035bbb20e4353f8dbe35,21076339,1730265695,92887,0x000026b7c7cf73d01b42bf21d99b14d09abe0000,0x68a47fe1cf42eba4a030a10cd4d6a1031ca3ca0a,0x2b022b3dff934b9ff5a82ed949970b129ec555fc,2.66653035,Tectum Emission Token,TET,8,12,452452,17909066858,121538,2465134,deprecated,0xcaa5c23f,multicall(tuple[] calls)
0x515bdbf6f71e0c5182a1d315f1959aeaf64cc109ed3c035bbb20e4353f8dbe35,21076339,1730265695,92887,0x000026b7c7cf73d01b42bf21d99b14d09abe0000,0x68a47fe1cf42eba4a030a10cd4d6a1031ca3ca0a,0xb43d577bcb6ba7a831b9f413b20076b59b66fa04,15.23731635,Tectum Emission Token,TET,8,12,452452,17909066858,121538,2465134,deprecated,0xcaa5c23f,multicall(tuple[] calls)
0x335af851ff461f486684df92edf03b706b1622954b353738a56e2b4154c963a4,21077255,1730276759,1,0xcea838771ff1261135c0330752bfed209fe9b407,0xc328a59e7321747aebbc49fd28d1b32c1af8d3b2,0x000026b7c7cf73d01b42bf21d99b14d09abe0000,2605.5815028662682,Phil,PHIL,18,31,63811,13570480773,50481,5874837,deprecated,0xa9059cbb,"transfer(address _to, uint256 _value)"
0x6010f9f4207d5efb42fb2a037d7480b9780c121ff4920523c22e534968d05beb,21077271,1730276951,92896,0x000026b7c7cf73d01b42bf21d99b14d09abe0000,0xc328a59e7321747aebbc49fd28d1b32c1af8d3b2,0x2b022b3dff934b9ff5a82ed949970b129ec555fc,455.97676300159696,Phil,PHIL,18,7,352892,15355999226,98132,492506,deprecated,0xcaa5c23f,multicall(tuple[] calls)
0x6010f9f4207d5efb42fb2a037d7480b9780c121ff4920523c22e534968d05beb,21077271,1730276951,92896,0x000026b7c7cf73d01b42bf21d99b14d09abe0000,0xc328a59e7321747aebbc49fd28d1b32c1af8d3b2,0x78705c05cac2624eb4ad6194f3f6420630e2bca4,2149.6047398646715,Phil,PHIL,18,7,352892,15355999226,98132,492506,deprecated,0xcaa5c23f,multicall(tuple[] calls)
0x58901c29048e92b24eb73fb8164b863f48af02c10e0204d99a3840b462ca1082,21077652,1730281559,2,0x2b859f6013e58d0647b5a0fb3d60da21f079e40d,0x1258d60b224c0c5cd888d37bbf31aa5fcfb7e870,0x000026b7c7cf73d01b42bf21d99b14d09abe0000,142.68218702307325,NodeAI,GPU,18,4,119078,23046762480,54739,294635,deprecated,0xa9059cbb,"transfer(address _to, uint256 _value)"
0x73b44b6e4dbddb3933a495d82674bb4eb11ef3b132f71332952aaac1309d1abe,21077653,1730281571,92899,0x000026b7c7cf73d01b42bf21d99b14d09abe0000,0x1258d60b224c0c5cd888d37bbf31aa5fcfb7e870,0xffb50a871153cbcdcec332c64b8c1a36a7d108a8,124.84691364518909,NodeAI,GPU,18,3,369876,26163891429,102636,221445,deprecated,0xcaa5c23f,multicall(tuple[] calls)
0x73b44b6e4dbddb3933a495d82674bb4eb11ef3b132f71332952aaac1309d1abe,21077653,1730281571,92899,0x000026b7c7cf73d01b42bf21d99b14d09abe0000,0x1258d60b224c0c5cd888d37bbf31aa5fcfb7e870,0x2b022b3dff934b9ff5a82ed949970b129ec555fc,17.835273377884157,NodeAI,GPU,18,3,369876,26163891429,102636,221445,deprecated,0xcaa5c23f,multicall(tuple[] calls)
0x55534ccb8a6f2dc655f2a87328b34acc89943ba912028920c1bdba4075a9fbf4,21080735,1730318831,12,0x51c4bb4989130049600571edae1f8318a9281d0c,0x59f4f336bf3d0c49dbfba4a74ebd2a6ace40539a,0x000026b7c7cf73d01b42bf21d99b14d09abe0000,1128450977442.69,Catcoin,CAT,9,24,83701,13697440754,67607,1592670,deprecated,0xa9059cbb,"transfer(address _to, uint256 _value)"
0x3554246fc531307fc29cc214dc3793e2e47d7da83fbd86090be440f5cba719d1,21080736,1730318843,92920,0x000026b7c7cf73d01b42bf21d99b14d09abe0000,0x59f4f336bf3d0c49dbfba4a74ebd2a6ace40539a,0x2b022b3dff934b9ff5a82ed949970b129ec555fc,197478921052.4708,Catcoin,CAT,9,12,421396,17353864919,120384,2423152,deprecated,0xcaa5c23f,multicall(tuple[] calls)
0x3554246fc531307fc29cc214dc3793e2e47d7da83fbd86090be440f5cba719d1,21080736,1730318843,92920,0x000026b7c7cf73d01b42bf21d99b14d09abe0000,0x59f4f336bf3d0c49dbfba4a74ebd2a6ace40539a,0x78705c05cac2624eb4ad6194f3f6420630e2bca4,930972056390.2192,Catcoin,CAT,9,12,421396,17353864919,120384,2423152,deprecated,0xcaa5c23f,multicall(tuple[] calls)
0xeb7062cebf100e59c9b5dba070c6d0ac7c79e4680e6fb69a6ff9aeac287fe5f1,21081870,1730332511,380970,0x973693cd07f9b3b60a899ad1cc8415a25150bc48,0xdac17f958d2ee523a2206206994597c13d831ec7,0x000026b7c7cf73d01b42bf21d99b14d09abe0000,90.460336,Tether USD,USDT,6,132,203461,6632897657,127190,15002260,deprecated,0xe0724b6e,"execute(address _wallet, bytes _data, uint256 _nonce, bytes _signatures, uint256 _gasPrice, uint256 _gasLimit, address _refundToken, address _refundAddress)"
0x34037a3ebe3ca8f80c3a3cc12c430db35440380edd93f40bdda893638e2b07f7,21081872,1730332535,380971,0x973693cd07f9b3b60a899ad1cc8415a25150bc48,0xcffdded873554f362ac02f8fb1f02e5ada10516f,0x000026b7c7cf73d01b42bf21d99b14d09abe0000,0.003615130322172314,Uniswap V2,UNI-V2,18,164,191951,6301438790,116095,17648113,deprecated,0xe0724b6e,"execute(address _wallet, bytes _data, uint256 _nonce, bytes _signatures, uint256 _gasPrice, uint256 _gasLimit, address _refundToken, address _refundAddress)"
0x4cef1d3c69385d69ff89027e63ec9eaab33baae6ff7c322cb8b878b97a50ab2a,21088503,1730412395,13,0x6c8d523c3b59deb36e0193fb91812282bb1941b8,0x240d6faf8c3b1a7394e371792a3bf9d28dd65515,0x000026b7c7cf73d01b42bf21d99b14d09abe0000,280.777997792,Brett,BRETT,9,18,93361,10186087228,75924,1417461,deprecated,0xa9059cbb,"transfer(address _to, uint256 _value)"
0x1957453345634b21d625fc993f0399ba608acbe0547f5d7071de59bbbf939ce6,21088506,1730412431,92981,0x000026b7c7cf73d01b42bf21d99b14d09abe0000,0x240d6faf8c3b1a7394e371792a3bf9d28dd65515,0x2b022b3dff934b9ff5a82ed949970b129ec555fc,48.644788117,Brett,BRETT,9,17,386024,11965534824,115106,1350955,deprecated,0xcaa5c23f,multicall(tuple[] calls)
0x1957453345634b21d625fc993f0399ba608acbe0547f5d7071de59bbbf939ce6,21088506,1730412431,92981,0x000026b7c7cf73d01b42bf21d99b14d09abe0000,0x240d6faf8c3b1a7394e371792a3bf9d28dd65515,0x240d6faf8c3b1a7394e371792a3bf9d28dd65515,2.316418481,Brett,BRETT,9,17,386024,11965534824,115106,1350955,deprecated,0xcaa5c23f,multicall(tuple[] calls)
0x1957453345634b21d625fc993f0399ba608acbe0547f5d7071de59bbbf939ce6,21088506,1730412431,92981,0x000026b7c7cf73d01b42bf21d99b14d09abe0000,0x240d6faf8c3b1a7394e371792a3bf9d28dd65515,0x240d6faf8c3b1a7394e371792a3bf9d28dd65515,0.491361496,Brett,BRETT,9,17,386024,11965534824,115106,1350955,deprecated,0xcaa5c23f,multicall(tuple[] calls)
0x1957453345634b21d625fc993f0399ba608acbe0547f5d7071de59bbbf939ce6,21088506,1730412431,92981,0x000026b7c7cf73d01b42bf21d99b14d09abe0000,0x240d6faf8c3b1a7394e371792a3bf9d28dd65515,0x5b4b1bcc2fabc35b475432255150f800fa4fdda5,229.325429698,Brett,BRETT,9,17,386024,11965534824,115106,1350955,deprecated,0xcaa5c23f,multicall(tuple[] calls)
